
============================================================
PROJECT: algo-struct | DATE: 2026-04-06 13:45:14
SUMMARY: 41 deps | Refl: 283
------------------------------------------------------------
Dependency: logback-classic:1.5.18 | Refl: 97 | Proxy: 0
Dependency: thymeleaf-spring6:3.1.3.RELEASE | Refl: 4 | Proxy: 0
Dependency: thymeleaf:3.1.3.RELEASE | Refl: 59 | Proxy: 0
Dependency: jackson-databind:2.18.3 | Refl: 18 | Proxy: 0
Dependency: tomcat-embed-core:10.1.39 | Refl: 105 | Proxy: 0

============================================================
PROJECT: algorithms-api-java | DATE: 2026-04-06 13:45:22
SUMMARY: 41 deps | Refl: 588
------------------------------------------------------------
Dependency: logback-classic:1.5.18 | Refl: 97 | Proxy: 0
Dependency: jackson-databind:2.19.1 | Refl: 18 | Proxy: 0
Dependency: tomcat-embed-core:10.1.42 | Refl: 105 | Proxy: 0
Dependency: hibernate-validator:8.0.2.Final | Refl: 356 | Proxy: 0
Dependency: jboss-logging:3.6.1.Final | Refl: 12 | Proxy: 0

============================================================
PROJECT: StockWise | DATE: 2026-04-06 13:45:45
SUMMARY: 103 deps | Refl: 1551
------------------------------------------------------------
Dependency: logback-classic:1.5.16 | Refl: 97 | Proxy: 0
Dependency: jackson-databind:2.18.2 | Refl: 18 | Proxy: 0
Dependency: HdrHistogram:2.2.2 | Refl: 12 | Proxy: 0
Dependency: HikariCP:5.1.0 | Refl: 12 | Proxy: 0
Dependency: hibernate-core:6.6.8.Final | Refl: 1214 | Proxy: 0
Dependency: jboss-logging:3.6.1.Final | Refl: 12 | Proxy: 0
Dependency: thymeleaf-spring6:3.1.3.RELEASE | Refl: 4 | Proxy: 0
Dependency: thymeleaf:3.1.3.RELEASE | Refl: 59 | Proxy: 0
Dependency: tomcat-embed-core:10.1.36 | Refl: 105 | Proxy: 0
Dependency: postgresql:42.7.5 | Refl: 8 | Proxy: 0
Dependency: jaxb-runtime:4.0.5 | Refl: 10 | Proxy: 0

============================================================
PROJECT: sale-service | DATE: 2026-04-06 13:46:13
SUMMARY: 126 deps | Refl: 1963
------------------------------------------------------------
Dependency: logback-classic:1.5.11 | Refl: 97 | Proxy: 0
Dependency: jackson-databind:2.17.2 | Refl: 18 | Proxy: 0
Dependency: HdrHistogram:2.2.2 | Refl: 12 | Proxy: 0
Dependency: HikariCP:5.1.0 | Refl: 12 | Proxy: 0
Dependency: hibernate-core:6.5.3.Final | Refl: 1214 | Proxy: 0
Dependency: jboss-logging:3.5.3.Final | Refl: 12 | Proxy: 0
Dependency: jaxb-runtime:4.0.5 | Refl: 10 | Proxy: 0
Dependency: hibernate-validator:8.0.1.Final | Refl: 356 | Proxy: 0
Dependency: tomcat-embed-core:10.1.31 | Refl: 105 | Proxy: 0
Dependency: postgresql:42.7.4 | Refl: 8 | Proxy: 0
Dependency: consul-api:1.4.5 | Refl: 111 | Proxy: 0
Dependency: httpclient:4.5.14 | Refl: 1 | Proxy: 0
Dependency: commons-logging:1.2 | Refl: 7 | Proxy: 0

============================================================
PROJECT: mini-erp | DATE: 2026-04-06 13:46:33
SUMMARY: 83 deps | Refl: 1903
------------------------------------------------------------
Dependency: logback-classic:1.5.18 | Refl: 97 | Proxy: 0
Dependency: jackson-databind:2.19.2 | Refl: 18 | Proxy: 0
Dependency: HdrHistogram:2.2.2 | Refl: 12 | Proxy: 0
Dependency: HikariCP:6.3.3 | Refl: 8 | Proxy: 0
Dependency: hibernate-core:6.6.29.Final | Refl: 1214 | Proxy: 0
Dependency: jboss-logging:3.6.1.Final | Refl: 12 | Proxy: 0
Dependency: jaxb-runtime:4.0.5 | Refl: 10 | Proxy: 0
Dependency: thymeleaf-spring6:3.1.3.RELEASE | Refl: 4 | Proxy: 0
Dependency: thymeleaf:3.1.3.RELEASE | Refl: 59 | Proxy: 0
Dependency: tomcat-embed-core:10.1.46 | Refl: 105 | Proxy: 0
Dependency: postgresql:42.7.7 | Refl: 8 | Proxy: 0
Dependency: hibernate-validator:8.0.3.Final | Refl: 356 | Proxy: 0

============================================================
PROJECT: LabMQTT | DATE: 2026-04-06 13:46:34
SUMMARY: 2 deps | Refl: 0
------------------------------------------------------------
No reachability metadata found for this topology.

============================================================
PROJECT: algo-struct | DATE: 2026-04-06 13:51:49
SUMMARY: 41 deps | Refl: 283
------------------------------------------------------------
Dependency: logback-classic:1.5.18 | Refl: 97 | Proxy: 0
Dependency: thymeleaf-spring6:3.1.3.RELEASE | Refl: 4 | Proxy: 0
Dependency: thymeleaf:3.1.3.RELEASE | Refl: 59 | Proxy: 0
Dependency: jackson-databind:2.18.3 | Refl: 18 | Proxy: 0
Dependency: tomcat-embed-core:10.1.39 | Refl: 105 | Proxy: 0

============================================================
PROJECT: algorithms-api-java | DATE: 2026-04-06 13:51:57
SUMMARY: 41 deps | Refl: 588
------------------------------------------------------------
Dependency: logback-classic:1.5.18 | Refl: 97 | Proxy: 0
Dependency: jackson-databind:2.19.1 | Refl: 18 | Proxy: 0
Dependency: tomcat-embed-core:10.1.42 | Refl: 105 | Proxy: 0
Dependency: hibernate-validator:8.0.2.Final | Refl: 356 | Proxy: 0
Dependency: jboss-logging:3.6.1.Final | Refl: 12 | Proxy: 0

============================================================
PROJECT: StockWise | DATE: 2026-04-06 13:52:23
SUMMARY: 103 deps | Refl: 1551
------------------------------------------------------------
Dependency: logback-classic:1.5.16 | Refl: 97 | Proxy: 0
Dependency: jackson-databind:2.18.2 | Refl: 18 | Proxy: 0
Dependency: HdrHistogram:2.2.2 | Refl: 12 | Proxy: 0
Dependency: HikariCP:5.1.0 | Refl: 12 | Proxy: 0
Dependency: hibernate-core:6.6.8.Final | Refl: 1214 | Proxy: 0
Dependency: jboss-logging:3.6.1.Final | Refl: 12 | Proxy: 0
Dependency: thymeleaf-spring6:3.1.3.RELEASE | Refl: 4 | Proxy: 0
Dependency: thymeleaf:3.1.3.RELEASE | Refl: 59 | Proxy: 0
Dependency: tomcat-embed-core:10.1.36 | Refl: 105 | Proxy: 0
Dependency: postgresql:42.7.5 | Refl: 8 | Proxy: 0
Dependency: jaxb-runtime:4.0.5 | Refl: 10 | Proxy: 0

============================================================
PROJECT: sale-service | DATE: 2026-04-06 13:52:51
SUMMARY: 126 deps | Refl: 1963
------------------------------------------------------------
Dependency: logback-classic:1.5.11 | Refl: 97 | Proxy: 0
Dependency: jackson-databind:2.17.2 | Refl: 18 | Proxy: 0
Dependency: HdrHistogram:2.2.2 | Refl: 12 | Proxy: 0
Dependency: HikariCP:5.1.0 | Refl: 12 | Proxy: 0
Dependency: hibernate-core:6.5.3.Final | Refl: 1214 | Proxy: 0
Dependency: jboss-logging:3.5.3.Final | Refl: 12 | Proxy: 0
Dependency: jaxb-runtime:4.0.5 | Refl: 10 | Proxy: 0
Dependency: hibernate-validator:8.0.1.Final | Refl: 356 | Proxy: 0
Dependency: tomcat-embed-core:10.1.31 | Refl: 105 | Proxy: 0
Dependency: postgresql:42.7.4 | Refl: 8 | Proxy: 0
Dependency: consul-api:1.4.5 | Refl: 111 | Proxy: 0
Dependency: httpclient:4.5.14 | Refl: 1 | Proxy: 0
Dependency: commons-logging:1.2 | Refl: 7 | Proxy: 0

============================================================
PROJECT: mini-erp | DATE: 2026-04-06 13:53:10
SUMMARY: 83 deps | Refl: 1903
------------------------------------------------------------
Dependency: logback-classic:1.5.18 | Refl: 97 | Proxy: 0
Dependency: jackson-databind:2.19.2 | Refl: 18 | Proxy: 0
Dependency: HdrHistogram:2.2.2 | Refl: 12 | Proxy: 0
Dependency: HikariCP:6.3.3 | Refl: 8 | Proxy: 0
Dependency: hibernate-core:6.6.29.Final | Refl: 1214 | Proxy: 0
Dependency: jboss-logging:3.6.1.Final | Refl: 12 | Proxy: 0
Dependency: jaxb-runtime:4.0.5 | Refl: 10 | Proxy: 0
Dependency: thymeleaf-spring6:3.1.3.RELEASE | Refl: 4 | Proxy: 0
Dependency: thymeleaf:3.1.3.RELEASE | Refl: 59 | Proxy: 0
Dependency: tomcat-embed-core:10.1.46 | Refl: 105 | Proxy: 0
Dependency: postgresql:42.7.7 | Refl: 8 | Proxy: 0
Dependency: hibernate-validator:8.0.3.Final | Refl: 356 | Proxy: 0

============================================================
PROJECT: LabMQTT | DATE: 2026-04-06 13:53:11
SUMMARY: 2 deps | Refl: 0
------------------------------------------------------------
No reachability metadata found for this topology.

============================================================
PROJECT: algo-struct | DATE: 2026-04-06 13:57:01
SUMMARY: 41 deps | Refl: 283
------------------------------------------------------------
Dependency: logback-classic:1.5.18 | Refl: 97 | Proxy: 0
Dependency: thymeleaf-spring6:3.1.3.RELEASE | Refl: 4 | Proxy: 0
Dependency: thymeleaf:3.1.3.RELEASE | Refl: 59 | Proxy: 0
Dependency: jackson-databind:2.18.3 | Refl: 18 | Proxy: 0
Dependency: tomcat-embed-core:10.1.39 | Refl: 105 | Proxy: 0

============================================================
PROJECT: algorithms-api-java | DATE: 2026-04-06 13:57:09
SUMMARY: 41 deps | Refl: 588
------------------------------------------------------------
Dependency: logback-classic:1.5.18 | Refl: 97 | Proxy: 0
Dependency: jackson-databind:2.19.1 | Refl: 18 | Proxy: 0
Dependency: tomcat-embed-core:10.1.42 | Refl: 105 | Proxy: 0
Dependency: hibernate-validator:8.0.2.Final | Refl: 356 | Proxy: 0
Dependency: jboss-logging:3.6.1.Final | Refl: 12 | Proxy: 0

============================================================
PROJECT: StockWise | DATE: 2026-04-06 13:57:35
SUMMARY: 103 deps | Refl: 1551
------------------------------------------------------------
Dependency: logback-classic:1.5.16 | Refl: 97 | Proxy: 0
Dependency: jackson-databind:2.18.2 | Refl: 18 | Proxy: 0
Dependency: HdrHistogram:2.2.2 | Refl: 12 | Proxy: 0
Dependency: HikariCP:5.1.0 | Refl: 12 | Proxy: 0
Dependency: hibernate-core:6.6.8.Final | Refl: 1214 | Proxy: 0
Dependency: jboss-logging:3.6.1.Final | Refl: 12 | Proxy: 0
Dependency: thymeleaf-spring6:3.1.3.RELEASE | Refl: 4 | Proxy: 0
Dependency: thymeleaf:3.1.3.RELEASE | Refl: 59 | Proxy: 0
Dependency: tomcat-embed-core:10.1.36 | Refl: 105 | Proxy: 0
Dependency: postgresql:42.7.5 | Refl: 8 | Proxy: 0
Dependency: jaxb-runtime:4.0.5 | Refl: 10 | Proxy: 0

============================================================
PROJECT: sale-service | DATE: 2026-04-06 13:58:03
SUMMARY: 126 deps | Refl: 1963
------------------------------------------------------------
Dependency: logback-classic:1.5.11 | Refl: 97 | Proxy: 0
Dependency: jackson-databind:2.17.2 | Refl: 18 | Proxy: 0
Dependency: HdrHistogram:2.2.2 | Refl: 12 | Proxy: 0
Dependency: HikariCP:5.1.0 | Refl: 12 | Proxy: 0
Dependency: hibernate-core:6.5.3.Final | Refl: 1214 | Proxy: 0
Dependency: jboss-logging:3.5.3.Final | Refl: 12 | Proxy: 0
Dependency: jaxb-runtime:4.0.5 | Refl: 10 | Proxy: 0
Dependency: hibernate-validator:8.0.1.Final | Refl: 356 | Proxy: 0
Dependency: tomcat-embed-core:10.1.31 | Refl: 105 | Proxy: 0
Dependency: postgresql:42.7.4 | Refl: 8 | Proxy: 0
Dependency: consul-api:1.4.5 | Refl: 111 | Proxy: 0
Dependency: httpclient:4.5.14 | Refl: 1 | Proxy: 0
Dependency: commons-logging:1.2 | Refl: 7 | Proxy: 0

============================================================
PROJECT: mini-erp | DATE: 2026-04-06 13:58:22
SUMMARY: 83 deps | Refl: 1903
------------------------------------------------------------
Dependency: logback-classic:1.5.18 | Refl: 97 | Proxy: 0
Dependency: jackson-databind:2.19.2 | Refl: 18 | Proxy: 0
Dependency: HdrHistogram:2.2.2 | Refl: 12 | Proxy: 0
Dependency: HikariCP:6.3.3 | Refl: 8 | Proxy: 0
Dependency: hibernate-core:6.6.29.Final | Refl: 1214 | Proxy: 0
Dependency: jboss-logging:3.6.1.Final | Refl: 12 | Proxy: 0
Dependency: jaxb-runtime:4.0.5 | Refl: 10 | Proxy: 0
Dependency: thymeleaf-spring6:3.1.3.RELEASE | Refl: 4 | Proxy: 0
Dependency: thymeleaf:3.1.3.RELEASE | Refl: 59 | Proxy: 0
Dependency: tomcat-embed-core:10.1.46 | Refl: 105 | Proxy: 0
Dependency: postgresql:42.7.7 | Refl: 8 | Proxy: 0
Dependency: hibernate-validator:8.0.3.Final | Refl: 356 | Proxy: 0

============================================================
PROJECT: LabMQTT | DATE: 2026-04-06 13:58:23
SUMMARY: 2 deps | Refl: 0
------------------------------------------------------------
No reachability metadata found for this topology.

============================================================
PROJECT: algo-struct | DATE: 2026-04-06 14:00:49

============================================================
PROJECT: algorithms-api-java | DATE: 2026-04-06 14:00:55

============================================================
PROJECT: StockWise | DATE: 2026-04-06 14:01:20

============================================================
PROJECT: sale-service | DATE: 2026-04-06 14:01:46

============================================================
PROJECT: mini-erp | DATE: 2026-04-06 14:02:06

============================================================
PROJECT: LabMQTT | DATE: 2026-04-06 14:02:06

============================================================
PROJECT: algo-struct | DATE: 2026-04-06 14:03:29

============================================================
PROJECT: algorithms-api-java | DATE: 2026-04-06 14:03:36

============================================================
PROJECT: StockWise | DATE: 2026-04-06 14:04:00

============================================================
PROJECT: algo-struct | DATE: 2026-04-06 14:04:54
SUMMARY: 41 deps | Refl: 283
------------------------------------------------------------
Dependency: logback-classic:1.5.18 | Refl: 97 | Proxy: 0
Dependency: thymeleaf-spring6:3.1.3.RELEASE | Refl: 4 | Proxy: 0
Dependency: thymeleaf:3.1.3.RELEASE | Refl: 59 | Proxy: 0
Dependency: jackson-databind:2.18.3 | Refl: 18 | Proxy: 0
Dependency: tomcat-embed-core:10.1.39 | Refl: 105 | Proxy: 0

============================================================
PROJECT: algorithms-api-java | DATE: 2026-04-06 14:05:00
SUMMARY: 41 deps | Refl: 588
------------------------------------------------------------
Dependency: logback-classic:1.5.18 | Refl: 97 | Proxy: 0
Dependency: jackson-databind:2.19.1 | Refl: 18 | Proxy: 0
Dependency: tomcat-embed-core:10.1.42 | Refl: 105 | Proxy: 0
Dependency: hibernate-validator:8.0.2.Final | Refl: 356 | Proxy: 0
Dependency: jboss-logging:3.6.1.Final | Refl: 12 | Proxy: 0

============================================================
PROJECT: StockWise | DATE: 2026-04-06 14:05:24
SUMMARY: 103 deps | Refl: 1551
------------------------------------------------------------
Dependency: logback-classic:1.5.16 | Refl: 97 | Proxy: 0
Dependency: jackson-databind:2.18.2 | Refl: 18 | Proxy: 0
Dependency: HdrHistogram:2.2.2 | Refl: 12 | Proxy: 0
Dependency: HikariCP:5.1.0 | Refl: 12 | Proxy: 0
Dependency: hibernate-core:6.6.8.Final | Refl: 1214 | Proxy: 0
Dependency: jboss-logging:3.6.1.Final | Refl: 12 | Proxy: 0
Dependency: thymeleaf-spring6:3.1.3.RELEASE | Refl: 4 | Proxy: 0
Dependency: thymeleaf:3.1.3.RELEASE | Refl: 59 | Proxy: 0
Dependency: tomcat-embed-core:10.1.36 | Refl: 105 | Proxy: 0
Dependency: postgresql:42.7.5 | Refl: 8 | Proxy: 0
Dependency: jaxb-runtime:4.0.5 | Refl: 10 | Proxy: 0

============================================================
PROJECT: sale-service | DATE: 2026-04-06 14:05:51
SUMMARY: 126 deps | Refl: 1963
------------------------------------------------------------
Dependency: logback-classic:1.5.11 | Refl: 97 | Proxy: 0
Dependency: jackson-databind:2.17.2 | Refl: 18 | Proxy: 0
Dependency: HdrHistogram:2.2.2 | Refl: 12 | Proxy: 0
Dependency: HikariCP:5.1.0 | Refl: 12 | Proxy: 0
Dependency: hibernate-core:6.5.3.Final | Refl: 1214 | Proxy: 0
Dependency: jboss-logging:3.5.3.Final | Refl: 12 | Proxy: 0
Dependency: jaxb-runtime:4.0.5 | Refl: 10 | Proxy: 0
Dependency: hibernate-validator:8.0.1.Final | Refl: 356 | Proxy: 0
Dependency: tomcat-embed-core:10.1.31 | Refl: 105 | Proxy: 0
Dependency: postgresql:42.7.4 | Refl: 8 | Proxy: 0
Dependency: consul-api:1.4.5 | Refl: 111 | Proxy: 0
Dependency: httpclient:4.5.14 | Refl: 1 | Proxy: 0
Dependency: commons-logging:1.2 | Refl: 7 | Proxy: 0

============================================================
PROJECT: mini-erp | DATE: 2026-04-06 14:06:10
SUMMARY: 83 deps | Refl: 1903
------------------------------------------------------------
Dependency: logback-classic:1.5.18 | Refl: 97 | Proxy: 0
Dependency: jackson-databind:2.19.2 | Refl: 18 | Proxy: 0
Dependency: HdrHistogram:2.2.2 | Refl: 12 | Proxy: 0
Dependency: HikariCP:6.3.3 | Refl: 8 | Proxy: 0
Dependency: hibernate-core:6.6.29.Final | Refl: 1214 | Proxy: 0
Dependency: jboss-logging:3.6.1.Final | Refl: 12 | Proxy: 0
Dependency: jaxb-runtime:4.0.5 | Refl: 10 | Proxy: 0
Dependency: thymeleaf-spring6:3.1.3.RELEASE | Refl: 4 | Proxy: 0
Dependency: thymeleaf:3.1.3.RELEASE | Refl: 59 | Proxy: 0
Dependency: tomcat-embed-core:10.1.46 | Refl: 105 | Proxy: 0
Dependency: postgresql:42.7.7 | Refl: 8 | Proxy: 0
Dependency: hibernate-validator:8.0.3.Final | Refl: 356 | Proxy: 0

============================================================
PROJECT: LabMQTT | DATE: 2026-04-06 14:06:11
SUMMARY: 2 deps | Refl: 0
------------------------------------------------------------
No reachability metadata found for this topology.

============================================================
PROJECT: algo-struct | DATE: 2026-04-08 14:59:05
SUMMARY: 41 deps | Refl: 283
------------------------------------------------------------
Dependency: logback-classic:1.5.18 | Refl: 97 | Proxy: 0
Dependency: thymeleaf-spring6:3.1.3.RELEASE | Refl: 4 | Proxy: 0
Dependency: thymeleaf:3.1.3.RELEASE | Refl: 59 | Proxy: 0
Dependency: jackson-databind:2.18.3 | Refl: 18 | Proxy: 0
Dependency: tomcat-embed-core:10.1.39 | Refl: 105 | Proxy: 0

============================================================
PROJECT: algorithms-api-java | DATE: 2026-04-08 14:59:12
SUMMARY: 41 deps | Refl: 588
------------------------------------------------------------
Dependency: logback-classic:1.5.18 | Refl: 97 | Proxy: 0
Dependency: jackson-databind:2.19.1 | Refl: 18 | Proxy: 0
Dependency: tomcat-embed-core:10.1.42 | Refl: 105 | Proxy: 0
Dependency: hibernate-validator:8.0.2.Final | Refl: 356 | Proxy: 0
Dependency: jboss-logging:3.6.1.Final | Refl: 12 | Proxy: 0

============================================================
PROJECT: StockWise | DATE: 2026-04-08 14:59:35
SUMMARY: 103 deps | Refl: 1551
------------------------------------------------------------
Dependency: logback-classic:1.5.16 | Refl: 97 | Proxy: 0
Dependency: jackson-databind:2.18.2 | Refl: 18 | Proxy: 0
Dependency: HdrHistogram:2.2.2 | Refl: 12 | Proxy: 0
Dependency: HikariCP:5.1.0 | Refl: 12 | Proxy: 0
Dependency: hibernate-core:6.6.8.Final | Refl: 1214 | Proxy: 0
Dependency: jboss-logging:3.6.1.Final | Refl: 12 | Proxy: 0
Dependency: thymeleaf-spring6:3.1.3.RELEASE | Refl: 4 | Proxy: 0
Dependency: thymeleaf:3.1.3.RELEASE | Refl: 59 | Proxy: 0
Dependency: tomcat-embed-core:10.1.36 | Refl: 105 | Proxy: 0
Dependency: postgresql:42.7.5 | Refl: 8 | Proxy: 0
Dependency: jaxb-runtime:4.0.5 | Refl: 10 | Proxy: 0

============================================================
PROJECT: sale-service | DATE: 2026-04-08 15:00:00
SUMMARY: 126 deps | Refl: 1963
------------------------------------------------------------
Dependency: logback-classic:1.5.11 | Refl: 97 | Proxy: 0
Dependency: jackson-databind:2.17.2 | Refl: 18 | Proxy: 0
Dependency: HdrHistogram:2.2.2 | Refl: 12 | Proxy: 0
Dependency: HikariCP:5.1.0 | Refl: 12 | Proxy: 0
Dependency: hibernate-core:6.5.3.Final | Refl: 1214 | Proxy: 0
Dependency: jboss-logging:3.5.3.Final | Refl: 12 | Proxy: 0
Dependency: jaxb-runtime:4.0.5 | Refl: 10 | Proxy: 0
Dependency: hibernate-validator:8.0.1.Final | Refl: 356 | Proxy: 0
Dependency: tomcat-embed-core:10.1.31 | Refl: 105 | Proxy: 0
Dependency: postgresql:42.7.4 | Refl: 8 | Proxy: 0
Dependency: consul-api:1.4.5 | Refl: 111 | Proxy: 0
Dependency: httpclient:4.5.14 | Refl: 1 | Proxy: 0
Dependency: commons-logging:1.2 | Refl: 7 | Proxy: 0

============================================================
PROJECT: mini-erp | DATE: 2026-04-08 15:00:17
SUMMARY: 83 deps | Refl: 1903
------------------------------------------------------------
Dependency: logback-classic:1.5.18 | Refl: 97 | Proxy: 0
Dependency: jackson-databind:2.19.2 | Refl: 18 | Proxy: 0
Dependency: HdrHistogram:2.2.2 | Refl: 12 | Proxy: 0
Dependency: HikariCP:6.3.3 | Refl: 8 | Proxy: 0
Dependency: hibernate-core:6.6.29.Final | Refl: 1214 | Proxy: 0
Dependency: jboss-logging:3.6.1.Final | Refl: 12 | Proxy: 0
Dependency: jaxb-runtime:4.0.5 | Refl: 10 | Proxy: 0
Dependency: thymeleaf-spring6:3.1.3.RELEASE | Refl: 4 | Proxy: 0
Dependency: thymeleaf:3.1.3.RELEASE | Refl: 59 | Proxy: 0
Dependency: tomcat-embed-core:10.1.46 | Refl: 105 | Proxy: 0
Dependency: postgresql:42.7.7 | Refl: 8 | Proxy: 0
Dependency: hibernate-validator:8.0.3.Final | Refl: 356 | Proxy: 0

============================================================
PROJECT: LabMQTT | DATE: 2026-04-08 15:00:17
SUMMARY: 2 deps | Refl: 0
------------------------------------------------------------
No reachability metadata found for this topology.

============================================================
PROJECT: algo-struct | DATE: 2026-04-08 15:02:40
SUMMARY: 41 deps | Refl: 283
------------------------------------------------------------
Dependency: logback-classic:1.5.18 | Refl: 97 | Proxy: 0
Dependency: thymeleaf-spring6:3.1.3.RELEASE | Refl: 4 | Proxy: 0
Dependency: thymeleaf:3.1.3.RELEASE | Refl: 59 | Proxy: 0
Dependency: jackson-databind:2.18.3 | Refl: 18 | Proxy: 0
Dependency: tomcat-embed-core:10.1.39 | Refl: 105 | Proxy: 0

============================================================
PROJECT: algorithms-api-java | DATE: 2026-04-08 15:02:46
SUMMARY: 41 deps | Refl: 588
------------------------------------------------------------
Dependency: logback-classic:1.5.18 | Refl: 97 | Proxy: 0
Dependency: jackson-databind:2.19.1 | Refl: 18 | Proxy: 0
Dependency: tomcat-embed-core:10.1.42 | Refl: 105 | Proxy: 0
Dependency: hibernate-validator:8.0.2.Final | Refl: 356 | Proxy: 0
Dependency: jboss-logging:3.6.1.Final | Refl: 12 | Proxy: 0

============================================================
PROJECT: StockWise | DATE: 2026-04-08 15:03:06
SUMMARY: 103 deps | Refl: 1551
------------------------------------------------------------
Dependency: logback-classic:1.5.16 | Refl: 97 | Proxy: 0
Dependency: jackson-databind:2.18.2 | Refl: 18 | Proxy: 0
Dependency: HdrHistogram:2.2.2 | Refl: 12 | Proxy: 0
Dependency: HikariCP:5.1.0 | Refl: 12 | Proxy: 0
Dependency: hibernate-core:6.6.8.Final | Refl: 1214 | Proxy: 0
Dependency: jboss-logging:3.6.1.Final | Refl: 12 | Proxy: 0
Dependency: thymeleaf-spring6:3.1.3.RELEASE | Refl: 4 | Proxy: 0
Dependency: thymeleaf:3.1.3.RELEASE | Refl: 59 | Proxy: 0
Dependency: tomcat-embed-core:10.1.36 | Refl: 105 | Proxy: 0
Dependency: postgresql:42.7.5 | Refl: 8 | Proxy: 0
Dependency: jaxb-runtime:4.0.5 | Refl: 10 | Proxy: 0

============================================================
PROJECT: sale-service | DATE: 2026-04-08 15:03:29
SUMMARY: 126 deps | Refl: 1963
------------------------------------------------------------
Dependency: logback-classic:1.5.11 | Refl: 97 | Proxy: 0
Dependency: jackson-databind:2.17.2 | Refl: 18 | Proxy: 0
Dependency: HdrHistogram:2.2.2 | Refl: 12 | Proxy: 0
Dependency: HikariCP:5.1.0 | Refl: 12 | Proxy: 0
Dependency: hibernate-core:6.5.3.Final | Refl: 1214 | Proxy: 0
Dependency: jboss-logging:3.5.3.Final | Refl: 12 | Proxy: 0
Dependency: jaxb-runtime:4.0.5 | Refl: 10 | Proxy: 0
Dependency: hibernate-validator:8.0.1.Final | Refl: 356 | Proxy: 0
Dependency: tomcat-embed-core:10.1.31 | Refl: 105 | Proxy: 0
Dependency: postgresql:42.7.4 | Refl: 8 | Proxy: 0
Dependency: consul-api:1.4.5 | Refl: 111 | Proxy: 0
Dependency: httpclient:4.5.14 | Refl: 1 | Proxy: 0
Dependency: commons-logging:1.2 | Refl: 7 | Proxy: 0

============================================================
PROJECT: mini-erp | DATE: 2026-04-08 15:03:42
SUMMARY: 83 deps | Refl: 1903
------------------------------------------------------------
Dependency: logback-classic:1.5.18 | Refl: 97 | Proxy: 0
Dependency: jackson-databind:2.19.2 | Refl: 18 | Proxy: 0
Dependency: HdrHistogram:2.2.2 | Refl: 12 | Proxy: 0
Dependency: HikariCP:6.3.3 | Refl: 8 | Proxy: 0
Dependency: hibernate-core:6.6.29.Final | Refl: 1214 | Proxy: 0
Dependency: jboss-logging:3.6.1.Final | Refl: 12 | Proxy: 0
Dependency: jaxb-runtime:4.0.5 | Refl: 10 | Proxy: 0
Dependency: thymeleaf-spring6:3.1.3.RELEASE | Refl: 4 | Proxy: 0
Dependency: thymeleaf:3.1.3.RELEASE | Refl: 59 | Proxy: 0
Dependency: tomcat-embed-core:10.1.46 | Refl: 105 | Proxy: 0
Dependency: postgresql:42.7.7 | Refl: 8 | Proxy: 0
Dependency: hibernate-validator:8.0.3.Final | Refl: 356 | Proxy: 0

============================================================
PROJECT: LabMQTT | DATE: 2026-04-08 15:03:43
SUMMARY: 2 deps | Refl: 0
------------------------------------------------------------
No reachability metadata found for this topology.

============================================================
PROJECT: algo-struct | DATE: 2026-04-08 16:40:36
SUMMARY: 41 deps | Refl: 283
------------------------------------------------------------
Dependency: logback-classic:1.5.18 | Refl: 97 | Proxy: 0
Dependency: thymeleaf-spring6:3.1.3.RELEASE | Refl: 4 | Proxy: 0
Dependency: thymeleaf:3.1.3.RELEASE | Refl: 59 | Proxy: 0
Dependency: jackson-databind:2.18.3 | Refl: 18 | Proxy: 0
Dependency: tomcat-embed-core:10.1.39 | Refl: 105 | Proxy: 0

============================================================
PROJECT: algorithms-api-java | DATE: 2026-04-08 16:40:43
SUMMARY: 41 deps | Refl: 588
------------------------------------------------------------
Dependency: logback-classic:1.5.18 | Refl: 97 | Proxy: 0
Dependency: jackson-databind:2.19.1 | Refl: 18 | Proxy: 0
Dependency: tomcat-embed-core:10.1.42 | Refl: 105 | Proxy: 0
Dependency: hibernate-validator:8.0.2.Final | Refl: 356 | Proxy: 0
Dependency: jboss-logging:3.6.1.Final | Refl: 12 | Proxy: 0

============================================================
PROJECT: StockWise | DATE: 2026-04-08 16:41:07
SUMMARY: 103 deps | Refl: 1551
------------------------------------------------------------
Dependency: logback-classic:1.5.16 | Refl: 97 | Proxy: 0
Dependency: jackson-databind:2.18.2 | Refl: 18 | Proxy: 0
Dependency: HdrHistogram:2.2.2 | Refl: 12 | Proxy: 0
Dependency: HikariCP:5.1.0 | Refl: 12 | Proxy: 0
Dependency: hibernate-core:6.6.8.Final | Refl: 1214 | Proxy: 0
Dependency: jboss-logging:3.6.1.Final | Refl: 12 | Proxy: 0
Dependency: thymeleaf-spring6:3.1.3.RELEASE | Refl: 4 | Proxy: 0
Dependency: thymeleaf:3.1.3.RELEASE | Refl: 59 | Proxy: 0
Dependency: tomcat-embed-core:10.1.36 | Refl: 105 | Proxy: 0
Dependency: postgresql:42.7.5 | Refl: 8 | Proxy: 0
Dependency: jaxb-runtime:4.0.5 | Refl: 10 | Proxy: 0

============================================================
PROJECT: sale-service | DATE: 2026-04-08 16:41:33
SUMMARY: 126 deps | Refl: 1963
------------------------------------------------------------
Dependency: logback-classic:1.5.11 | Refl: 97 | Proxy: 0
Dependency: jackson-databind:2.17.2 | Refl: 18 | Proxy: 0
Dependency: HdrHistogram:2.2.2 | Refl: 12 | Proxy: 0
Dependency: HikariCP:5.1.0 | Refl: 12 | Proxy: 0
Dependency: hibernate-core:6.5.3.Final | Refl: 1214 | Proxy: 0
Dependency: jboss-logging:3.5.3.Final | Refl: 12 | Proxy: 0
Dependency: jaxb-runtime:4.0.5 | Refl: 10 | Proxy: 0
Dependency: hibernate-validator:8.0.1.Final | Refl: 356 | Proxy: 0
Dependency: tomcat-embed-core:10.1.31 | Refl: 105 | Proxy: 0
Dependency: postgresql:42.7.4 | Refl: 8 | Proxy: 0
Dependency: consul-api:1.4.5 | Refl: 111 | Proxy: 0
Dependency: httpclient:4.5.14 | Refl: 1 | Proxy: 0
Dependency: commons-logging:1.2 | Refl: 7 | Proxy: 0

============================================================
PROJECT: mini-erp | DATE: 2026-04-08 16:41:51
SUMMARY: 83 deps | Refl: 1903
------------------------------------------------------------
Dependency: logback-classic:1.5.18 | Refl: 97 | Proxy: 0
Dependency: jackson-databind:2.19.2 | Refl: 18 | Proxy: 0
Dependency: HdrHistogram:2.2.2 | Refl: 12 | Proxy: 0
Dependency: HikariCP:6.3.3 | Refl: 8 | Proxy: 0
Dependency: hibernate-core:6.6.29.Final | Refl: 1214 | Proxy: 0
Dependency: jboss-logging:3.6.1.Final | Refl: 12 | Proxy: 0
Dependency: jaxb-runtime:4.0.5 | Refl: 10 | Proxy: 0
Dependency: thymeleaf-spring6:3.1.3.RELEASE | Refl: 4 | Proxy: 0
Dependency: thymeleaf:3.1.3.RELEASE | Refl: 59 | Proxy: 0
Dependency: tomcat-embed-core:10.1.46 | Refl: 105 | Proxy: 0
Dependency: postgresql:42.7.7 | Refl: 8 | Proxy: 0
Dependency: hibernate-validator:8.0.3.Final | Refl: 356 | Proxy: 0

============================================================
PROJECT: LabMQTT | DATE: 2026-04-08 16:41:51
SUMMARY: 2 deps | Refl: 0
------------------------------------------------------------
No reachability metadata found for this topology.

============================================================
PROJECT: algo-struct | DATE: 2026-04-08 16:43:20
SUMMARY: 41 deps | Refl: 283
------------------------------------------------------------
Dependency: logback-classic:1.5.18 | Refl: 97 | Proxy: 0
Dependency: thymeleaf-spring6:3.1.3.RELEASE | Refl: 4 | Proxy: 0
Dependency: thymeleaf:3.1.3.RELEASE | Refl: 59 | Proxy: 0
Dependency: jackson-databind:2.18.3 | Refl: 18 | Proxy: 0
Dependency: tomcat-embed-core:10.1.39 | Refl: 105 | Proxy: 0

============================================================
PROJECT: algorithms-api-java | DATE: 2026-04-08 16:43:27
SUMMARY: 41 deps | Refl: 588
------------------------------------------------------------
Dependency: logback-classic:1.5.18 | Refl: 97 | Proxy: 0
Dependency: jackson-databind:2.19.1 | Refl: 18 | Proxy: 0
Dependency: tomcat-embed-core:10.1.42 | Refl: 105 | Proxy: 0
Dependency: hibernate-validator:8.0.2.Final | Refl: 356 | Proxy: 0
Dependency: jboss-logging:3.6.1.Final | Refl: 12 | Proxy: 0

============================================================
PROJECT: StockWise | DATE: 2026-04-08 16:43:49
SUMMARY: 103 deps | Refl: 1551
------------------------------------------------------------
Dependency: logback-classic:1.5.16 | Refl: 97 | Proxy: 0
Dependency: jackson-databind:2.18.2 | Refl: 18 | Proxy: 0
Dependency: HdrHistogram:2.2.2 | Refl: 12 | Proxy: 0
Dependency: HikariCP:5.1.0 | Refl: 12 | Proxy: 0
Dependency: hibernate-core:6.6.8.Final | Refl: 1214 | Proxy: 0
Dependency: jboss-logging:3.6.1.Final | Refl: 12 | Proxy: 0
Dependency: thymeleaf-spring6:3.1.3.RELEASE | Refl: 4 | Proxy: 0
Dependency: thymeleaf:3.1.3.RELEASE | Refl: 59 | Proxy: 0
Dependency: tomcat-embed-core:10.1.36 | Refl: 105 | Proxy: 0
Dependency: postgresql:42.7.5 | Refl: 8 | Proxy: 0
Dependency: jaxb-runtime:4.0.5 | Refl: 10 | Proxy: 0

============================================================
PROJECT: sale-service | DATE: 2026-04-08 16:44:13
SUMMARY: 126 deps | Refl: 1963
------------------------------------------------------------
Dependency: logback-classic:1.5.11 | Refl: 97 | Proxy: 0
Dependency: jackson-databind:2.17.2 | Refl: 18 | Proxy: 0
Dependency: HdrHistogram:2.2.2 | Refl: 12 | Proxy: 0
Dependency: HikariCP:5.1.0 | Refl: 12 | Proxy: 0
Dependency: hibernate-core:6.5.3.Final | Refl: 1214 | Proxy: 0
Dependency: jboss-logging:3.5.3.Final | Refl: 12 | Proxy: 0
Dependency: jaxb-runtime:4.0.5 | Refl: 10 | Proxy: 0
Dependency: hibernate-validator:8.0.1.Final | Refl: 356 | Proxy: 0
Dependency: tomcat-embed-core:10.1.31 | Refl: 105 | Proxy: 0
Dependency: postgresql:42.7.4 | Refl: 8 | Proxy: 0
Dependency: consul-api:1.4.5 | Refl: 111 | Proxy: 0
Dependency: httpclient:4.5.14 | Refl: 1 | Proxy: 0
Dependency: commons-logging:1.2 | Refl: 7 | Proxy: 0

============================================================
PROJECT: mini-erp | DATE: 2026-04-08 16:44:32
SUMMARY: 83 deps | Refl: 1903
------------------------------------------------------------
Dependency: logback-classic:1.5.18 | Refl: 97 | Proxy: 0
Dependency: jackson-databind:2.19.2 | Refl: 18 | Proxy: 0
Dependency: HdrHistogram:2.2.2 | Refl: 12 | Proxy: 0
Dependency: HikariCP:6.3.3 | Refl: 8 | Proxy: 0
Dependency: hibernate-core:6.6.29.Final | Refl: 1214 | Proxy: 0
Dependency: jboss-logging:3.6.1.Final | Refl: 12 | Proxy: 0
Dependency: jaxb-runtime:4.0.5 | Refl: 10 | Proxy: 0
Dependency: thymeleaf-spring6:3.1.3.RELEASE | Refl: 4 | Proxy: 0
Dependency: thymeleaf:3.1.3.RELEASE | Refl: 59 | Proxy: 0
Dependency: tomcat-embed-core:10.1.46 | Refl: 105 | Proxy: 0
Dependency: postgresql:42.7.7 | Refl: 8 | Proxy: 0
Dependency: hibernate-validator:8.0.3.Final | Refl: 356 | Proxy: 0

============================================================
PROJECT: LabMQTT | DATE: 2026-04-08 16:44:33
SUMMARY: 2 deps | Refl: 0
------------------------------------------------------------
No reachability metadata found for this topology.

============================================================
PROJECT: algo-struct | DATE: 2026-04-09 14:52:37
SUMMARY: 41 deps | CMV: 283
------------------------------------------------------------
Dependency: logback-classic:1.5.18 | Refl: 97 | Proxy: 0
Dependency: thymeleaf-spring6:3.1.3.RELEASE | Refl: 4 | Proxy: 0
Dependency: thymeleaf:3.1.3.RELEASE | Refl: 59 | Proxy: 0
Dependency: jackson-databind:2.18.3 | Refl: 18 | Proxy: 0
Dependency: tomcat-embed-core:10.1.39 | Refl: 105 | Proxy: 0

============================================================
PROJECT: algorithms-api-java | DATE: 2026-04-09 14:52:43
SUMMARY: 41 deps | CMV: 588
------------------------------------------------------------
Dependency: logback-classic:1.5.18 | Refl: 97 | Proxy: 0
Dependency: jackson-databind:2.19.1 | Refl: 18 | Proxy: 0
Dependency: tomcat-embed-core:10.1.42 | Refl: 105 | Proxy: 0
Dependency: hibernate-validator:8.0.2.Final | Refl: 356 | Proxy: 0
Dependency: jboss-logging:3.6.1.Final | Refl: 12 | Proxy: 0

============================================================
PROJECT: StockWise | DATE: 2026-04-09 14:53:08
SUMMARY: 103 deps | CMV: 1551
------------------------------------------------------------
Dependency: logback-classic:1.5.16 | Refl: 97 | Proxy: 0
Dependency: jackson-databind:2.18.2 | Refl: 18 | Proxy: 0
Dependency: HdrHistogram:2.2.2 | Refl: 12 | Proxy: 0
Dependency: HikariCP:5.1.0 | Refl: 12 | Proxy: 0
Dependency: hibernate-core:6.6.8.Final | Refl: 1214 | Proxy: 0
Dependency: jboss-logging:3.6.1.Final | Refl: 12 | Proxy: 0
Dependency: thymeleaf-spring6:3.1.3.RELEASE | Refl: 4 | Proxy: 0
Dependency: thymeleaf:3.1.3.RELEASE | Refl: 59 | Proxy: 0
Dependency: tomcat-embed-core:10.1.36 | Refl: 105 | Proxy: 0
Dependency: postgresql:42.7.5 | Refl: 8 | Proxy: 0
Dependency: jaxb-runtime:4.0.5 | Refl: 10 | Proxy: 0

============================================================
PROJECT: sale-service | DATE: 2026-04-09 14:53:39
SUMMARY: 126 deps | CMV: 1963
------------------------------------------------------------
Dependency: logback-classic:1.5.11 | Refl: 97 | Proxy: 0
Dependency: jackson-databind:2.17.2 | Refl: 18 | Proxy: 0
Dependency: HdrHistogram:2.2.2 | Refl: 12 | Proxy: 0
Dependency: HikariCP:5.1.0 | Refl: 12 | Proxy: 0
Dependency: hibernate-core:6.5.3.Final | Refl: 1214 | Proxy: 0
Dependency: jboss-logging:3.5.3.Final | Refl: 12 | Proxy: 0
Dependency: jaxb-runtime:4.0.5 | Refl: 10 | Proxy: 0
Dependency: hibernate-validator:8.0.1.Final | Refl: 356 | Proxy: 0
Dependency: tomcat-embed-core:10.1.31 | Refl: 105 | Proxy: 0
Dependency: postgresql:42.7.4 | Refl: 8 | Proxy: 0
Dependency: consul-api:1.4.5 | Refl: 111 | Proxy: 0
Dependency: httpclient:4.5.14 | Refl: 1 | Proxy: 0
Dependency: commons-logging:1.2 | Refl: 7 | Proxy: 0

============================================================
PROJECT: mini-erp | DATE: 2026-04-09 14:53:52
SUMMARY: 83 deps | CMV: 1903
------------------------------------------------------------
Dependency: logback-classic:1.5.18 | Refl: 97 | Proxy: 0
Dependency: jackson-databind:2.19.2 | Refl: 18 | Proxy: 0
Dependency: HdrHistogram:2.2.2 | Refl: 12 | Proxy: 0
Dependency: HikariCP:6.3.3 | Refl: 8 | Proxy: 0
Dependency: hibernate-core:6.6.29.Final | Refl: 1214 | Proxy: 0
Dependency: jboss-logging:3.6.1.Final | Refl: 12 | Proxy: 0
Dependency: jaxb-runtime:4.0.5 | Refl: 10 | Proxy: 0
Dependency: thymeleaf-spring6:3.1.3.RELEASE | Refl: 4 | Proxy: 0
Dependency: thymeleaf:3.1.3.RELEASE | Refl: 59 | Proxy: 0
Dependency: tomcat-embed-core:10.1.46 | Refl: 105 | Proxy: 0
Dependency: postgresql:42.7.7 | Refl: 8 | Proxy: 0
Dependency: hibernate-validator:8.0.3.Final | Refl: 356 | Proxy: 0

============================================================
PROJECT: LabMQTT | DATE: 2026-04-09 14:53:53
SUMMARY: 2 deps | CMV: 0
------------------------------------------------------------
No reachability metadata found for this topology.

============================================================
PROJECT: algo-struct | DATE: 2026-04-09 15:17:28
SUMMARY: 41 deps | CMV: 283
------------------------------------------------------------
Dependency: logback-classic:1.5.18 | Refl: 97 | Proxy: 0
Dependency: thymeleaf-spring6:3.1.3.RELEASE | Refl: 4 | Proxy: 0
Dependency: thymeleaf:3.1.3.RELEASE | Refl: 59 | Proxy: 0
Dependency: jackson-databind:2.18.3 | Refl: 18 | Proxy: 0
Dependency: tomcat-embed-core:10.1.39 | Refl: 105 | Proxy: 0

============================================================
PROJECT: algo-struct | DATE: 2026-04-09 15:33:52
SUMMARY: 41 deps | CMV: 283
------------------------------------------------------------
Dependency: logback-classic:1.5.18 | Refl: 97 | Proxy: 0
Dependency: thymeleaf-spring6:3.1.3.RELEASE | Refl: 4 | Proxy: 0
Dependency: thymeleaf:3.1.3.RELEASE | Refl: 59 | Proxy: 0
Dependency: jackson-databind:2.18.3 | Refl: 18 | Proxy: 0
Dependency: tomcat-embed-core:10.1.39 | Refl: 105 | Proxy: 0

============================================================
PROJECT: algorithms-api-java | DATE: 2026-04-09 15:33:59
SUMMARY: 41 deps | CMV: 588
------------------------------------------------------------
Dependency: logback-classic:1.5.18 | Refl: 97 | Proxy: 0
Dependency: jackson-databind:2.19.1 | Refl: 18 | Proxy: 0
Dependency: tomcat-embed-core:10.1.42 | Refl: 105 | Proxy: 0
Dependency: hibernate-validator:8.0.2.Final | Refl: 356 | Proxy: 0
Dependency: jboss-logging:3.6.1.Final | Refl: 12 | Proxy: 0

============================================================
PROJECT: algo-struct | DATE: 2026-04-09 15:34:54
SUMMARY: 41 deps | CMV: 283
------------------------------------------------------------
Dependency: logback-classic:1.5.18 | Refl: 97 | Proxy: 0
Dependency: thymeleaf-spring6:3.1.3.RELEASE | Refl: 4 | Proxy: 0
Dependency: thymeleaf:3.1.3.RELEASE | Refl: 59 | Proxy: 0
Dependency: jackson-databind:2.18.3 | Refl: 18 | Proxy: 0
Dependency: tomcat-embed-core:10.1.39 | Refl: 105 | Proxy: 0

============================================================
PROJECT: algorithms-api-java | DATE: 2026-04-09 15:35:00
SUMMARY: 41 deps | CMV: 588
------------------------------------------------------------
Dependency: logback-classic:1.5.18 | Refl: 97 | Proxy: 0
Dependency: jackson-databind:2.19.1 | Refl: 18 | Proxy: 0
Dependency: tomcat-embed-core:10.1.42 | Refl: 105 | Proxy: 0
Dependency: hibernate-validator:8.0.2.Final | Refl: 356 | Proxy: 0
Dependency: jboss-logging:3.6.1.Final | Refl: 12 | Proxy: 0

============================================================
PROJECT: algo-struct | DATE: 2026-04-09 15:35:18
SUMMARY: 41 deps | CMV: 283
------------------------------------------------------------
Dependency: logback-classic:1.5.18 | Refl: 97 | Proxy: 0
Dependency: thymeleaf-spring6:3.1.3.RELEASE | Refl: 4 | Proxy: 0
Dependency: thymeleaf:3.1.3.RELEASE | Refl: 59 | Proxy: 0
Dependency: jackson-databind:2.18.3 | Refl: 18 | Proxy: 0
Dependency: tomcat-embed-core:10.1.39 | Refl: 105 | Proxy: 0

============================================================
PROJECT: algo-struct | DATE: 2026-04-09 15:36:21
SUMMARY: 41 deps | CMV: 283
------------------------------------------------------------
Dependency: logback-classic:1.5.18 | Refl: 97 | Proxy: 0
Dependency: thymeleaf-spring6:3.1.3.RELEASE | Refl: 4 | Proxy: 0
Dependency: thymeleaf:3.1.3.RELEASE | Refl: 59 | Proxy: 0
Dependency: jackson-databind:2.18.3 | Refl: 18 | Proxy: 0
Dependency: tomcat-embed-core:10.1.39 | Refl: 105 | Proxy: 0

============================================================
PROJECT: algo-struct | DATE: 2026-04-09 15:37:23
SUMMARY: 41 deps | CMV: 283
------------------------------------------------------------
Dependency: logback-classic:1.5.18 | Refl: 97 | Proxy: 0
Dependency: thymeleaf-spring6:3.1.3.RELEASE | Refl: 4 | Proxy: 0
Dependency: thymeleaf:3.1.3.RELEASE | Refl: 59 | Proxy: 0
Dependency: jackson-databind:2.18.3 | Refl: 18 | Proxy: 0
Dependency: tomcat-embed-core:10.1.39 | Refl: 105 | Proxy: 0

============================================================
PROJECT: algorithms-api-java | DATE: 2026-04-09 15:37:29
SUMMARY: 41 deps | CMV: 588
------------------------------------------------------------
Dependency: logback-classic:1.5.18 | Refl: 97 | Proxy: 0
Dependency: jackson-databind:2.19.1 | Refl: 18 | Proxy: 0
Dependency: tomcat-embed-core:10.1.42 | Refl: 105 | Proxy: 0
Dependency: hibernate-validator:8.0.2.Final | Refl: 356 | Proxy: 0
Dependency: jboss-logging:3.6.1.Final | Refl: 12 | Proxy: 0

============================================================
PROJECT: algo-struct | DATE: 2026-04-09 15:37:56
SUMMARY: 41 deps | CMV: 283
------------------------------------------------------------
Dependency: logback-classic:1.5.18 | Refl: 97 | Proxy: 0
Dependency: thymeleaf-spring6:3.1.3.RELEASE | Refl: 4 | Proxy: 0
Dependency: thymeleaf:3.1.3.RELEASE | Refl: 59 | Proxy: 0
Dependency: jackson-databind:2.18.3 | Refl: 18 | Proxy: 0
Dependency: tomcat-embed-core:10.1.39 | Refl: 105 | Proxy: 0

============================================================
PROJECT: algo-struct | DATE: 2026-04-09 15:38:44
SUMMARY: 41 deps | CMV: 283
------------------------------------------------------------
Dependency: logback-classic:1.5.18 | Refl: 97 | Proxy: 0
Dependency: thymeleaf-spring6:3.1.3.RELEASE | Refl: 4 | Proxy: 0
Dependency: thymeleaf:3.1.3.RELEASE | Refl: 59 | Proxy: 0
Dependency: jackson-databind:2.18.3 | Refl: 18 | Proxy: 0
Dependency: tomcat-embed-core:10.1.39 | Refl: 105 | Proxy: 0

============================================================
PROJECT: algorithms-api-java | DATE: 2026-04-09 15:38:51
SUMMARY: 41 deps | CMV: 588
------------------------------------------------------------
Dependency: logback-classic:1.5.18 | Refl: 97 | Proxy: 0
Dependency: jackson-databind:2.19.1 | Refl: 18 | Proxy: 0
Dependency: tomcat-embed-core:10.1.42 | Refl: 105 | Proxy: 0
Dependency: hibernate-validator:8.0.2.Final | Refl: 356 | Proxy: 0
Dependency: jboss-logging:3.6.1.Final | Refl: 12 | Proxy: 0

============================================================
PROJECT: StockWise | DATE: 2026-04-09 15:39:17
SUMMARY: 103 deps | CMV: 1551
------------------------------------------------------------
Dependency: logback-classic:1.5.16 | Refl: 97 | Proxy: 0
Dependency: jackson-databind:2.18.2 | Refl: 18 | Proxy: 0
Dependency: HdrHistogram:2.2.2 | Refl: 12 | Proxy: 0
Dependency: HikariCP:5.1.0 | Refl: 12 | Proxy: 0
Dependency: hibernate-core:6.6.8.Final | Refl: 1214 | Proxy: 0
Dependency: jboss-logging:3.6.1.Final | Refl: 12 | Proxy: 0
Dependency: thymeleaf-spring6:3.1.3.RELEASE | Refl: 4 | Proxy: 0
Dependency: thymeleaf:3.1.3.RELEASE | Refl: 59 | Proxy: 0
Dependency: tomcat-embed-core:10.1.36 | Refl: 105 | Proxy: 0
Dependency: postgresql:42.7.5 | Refl: 8 | Proxy: 0
Dependency: jaxb-runtime:4.0.5 | Refl: 10 | Proxy: 0

============================================================
PROJECT: sale-service | DATE: 2026-04-09 15:39:44
SUMMARY: 126 deps | CMV: 1963
------------------------------------------------------------
Dependency: logback-classic:1.5.11 | Refl: 97 | Proxy: 0
Dependency: jackson-databind:2.17.2 | Refl: 18 | Proxy: 0
Dependency: HdrHistogram:2.2.2 | Refl: 12 | Proxy: 0
Dependency: HikariCP:5.1.0 | Refl: 12 | Proxy: 0
Dependency: hibernate-core:6.5.3.Final | Refl: 1214 | Proxy: 0
Dependency: jboss-logging:3.5.3.Final | Refl: 12 | Proxy: 0
Dependency: jaxb-runtime:4.0.5 | Refl: 10 | Proxy: 0
Dependency: hibernate-validator:8.0.1.Final | Refl: 356 | Proxy: 0
Dependency: tomcat-embed-core:10.1.31 | Refl: 105 | Proxy: 0
Dependency: postgresql:42.7.4 | Refl: 8 | Proxy: 0
Dependency: consul-api:1.4.5 | Refl: 111 | Proxy: 0
Dependency: httpclient:4.5.14 | Refl: 1 | Proxy: 0
Dependency: commons-logging:1.2 | Refl: 7 | Proxy: 0

============================================================
PROJECT: mini-erp | DATE: 2026-04-09 15:40:02
SUMMARY: 83 deps | CMV: 1903
------------------------------------------------------------
Dependency: logback-classic:1.5.18 | Refl: 97 | Proxy: 0
Dependency: jackson-databind:2.19.2 | Refl: 18 | Proxy: 0
Dependency: HdrHistogram:2.2.2 | Refl: 12 | Proxy: 0
Dependency: HikariCP:6.3.3 | Refl: 8 | Proxy: 0
Dependency: hibernate-core:6.6.29.Final | Refl: 1214 | Proxy: 0
Dependency: jboss-logging:3.6.1.Final | Refl: 12 | Proxy: 0
Dependency: jaxb-runtime:4.0.5 | Refl: 10 | Proxy: 0
Dependency: thymeleaf-spring6:3.1.3.RELEASE | Refl: 4 | Proxy: 0
Dependency: thymeleaf:3.1.3.RELEASE | Refl: 59 | Proxy: 0
Dependency: tomcat-embed-core:10.1.46 | Refl: 105 | Proxy: 0
Dependency: postgresql:42.7.7 | Refl: 8 | Proxy: 0
Dependency: hibernate-validator:8.0.3.Final | Refl: 356 | Proxy: 0

============================================================
PROJECT: LabMQTT | DATE: 2026-04-09 15:40:02
SUMMARY: 2 deps | CMV: 0
------------------------------------------------------------
No reachability metadata found for this topology.

============================================================
PROJECT: task-manager | DATE: 2026-04-09 15:40:16
SUMMARY: 77 deps | CMV: 1476
------------------------------------------------------------
Dependency: HikariCP:5.1.0 | Refl: 12 | Proxy: 0
Dependency: hibernate-core:6.5.3.Final | Refl: 1214 | Proxy: 0
Dependency: jboss-logging:3.5.3.Final | Refl: 12 | Proxy: 0
Dependency: jaxb-runtime:4.0.5 | Refl: 10 | Proxy: 0
Dependency: logback-classic:1.5.11 | Refl: 97 | Proxy: 0
Dependency: tomcat-embed-core:10.1.31 | Refl: 105 | Proxy: 0
Dependency: jackson-databind:2.17.2 | Refl: 18 | Proxy: 0
Dependency: postgresql:42.7.4 | Refl: 8 | Proxy: 0

============================================================
PROJECT: algo-struct | DATE: 2026-04-10 10:17:52
SUMMARY: 41 deps | CMV: 283
------------------------------------------------------------
Dependency: logback-classic:1.5.18 | Refl: 97 | Proxy: 0
Dependency: thymeleaf-spring6:3.1.3.RELEASE | Refl: 4 | Proxy: 0
Dependency: thymeleaf:3.1.3.RELEASE | Refl: 59 | Proxy: 0
Dependency: jackson-databind:2.18.3 | Refl: 18 | Proxy: 0
Dependency: tomcat-embed-core:10.1.39 | Refl: 105 | Proxy: 0

============================================================
PROJECT: algorithms-api-java | DATE: 2026-04-10 10:17:54
SUMMARY: 41 deps | CMV: 588
------------------------------------------------------------
Dependency: logback-classic:1.5.18 | Refl: 97 | Proxy: 0
Dependency: jackson-databind:2.19.1 | Refl: 18 | Proxy: 0
Dependency: tomcat-embed-core:10.1.42 | Refl: 105 | Proxy: 0
Dependency: hibernate-validator:8.0.2.Final | Refl: 356 | Proxy: 0
Dependency: jboss-logging:3.6.1.Final | Refl: 12 | Proxy: 0

============================================================
PROJECT: StockWise | DATE: 2026-04-10 10:18:07
SUMMARY: 103 deps | CMV: 1551
------------------------------------------------------------
Dependency: logback-classic:1.5.16 | Refl: 97 | Proxy: 0
Dependency: jackson-databind:2.18.2 | Refl: 18 | Proxy: 0
Dependency: HdrHistogram:2.2.2 | Refl: 12 | Proxy: 0
Dependency: HikariCP:5.1.0 | Refl: 12 | Proxy: 0
Dependency: hibernate-core:6.6.8.Final | Refl: 1214 | Proxy: 0
Dependency: jboss-logging:3.6.1.Final | Refl: 12 | Proxy: 0
Dependency: thymeleaf-spring6:3.1.3.RELEASE | Refl: 4 | Proxy: 0
Dependency: thymeleaf:3.1.3.RELEASE | Refl: 59 | Proxy: 0
Dependency: tomcat-embed-core:10.1.36 | Refl: 105 | Proxy: 0
Dependency: postgresql:42.7.5 | Refl: 8 | Proxy: 0
Dependency: jaxb-runtime:4.0.5 | Refl: 10 | Proxy: 0

============================================================
PROJECT: sale-service | DATE: 2026-04-10 10:18:18
SUMMARY: 126 deps | CMV: 1963
------------------------------------------------------------
Dependency: logback-classic:1.5.11 | Refl: 97 | Proxy: 0
Dependency: jackson-databind:2.17.2 | Refl: 18 | Proxy: 0
Dependency: HdrHistogram:2.2.2 | Refl: 12 | Proxy: 0
Dependency: HikariCP:5.1.0 | Refl: 12 | Proxy: 0
Dependency: hibernate-core:6.5.3.Final | Refl: 1214 | Proxy: 0
Dependency: jboss-logging:3.5.3.Final | Refl: 12 | Proxy: 0
Dependency: jaxb-runtime:4.0.5 | Refl: 10 | Proxy: 0
Dependency: hibernate-validator:8.0.1.Final | Refl: 356 | Proxy: 0
Dependency: tomcat-embed-core:10.1.31 | Refl: 105 | Proxy: 0
Dependency: postgresql:42.7.4 | Refl: 8 | Proxy: 0
Dependency: consul-api:1.4.5 | Refl: 111 | Proxy: 0
Dependency: httpclient:4.5.14 | Refl: 1 | Proxy: 0
Dependency: commons-logging:1.2 | Refl: 7 | Proxy: 0

============================================================
PROJECT: mini-erp | DATE: 2026-04-10 10:18:22
SUMMARY: 83 deps | CMV: 1903
------------------------------------------------------------
Dependency: logback-classic:1.5.18 | Refl: 97 | Proxy: 0
Dependency: jackson-databind:2.19.2 | Refl: 18 | Proxy: 0
Dependency: HdrHistogram:2.2.2 | Refl: 12 | Proxy: 0
Dependency: HikariCP:6.3.3 | Refl: 8 | Proxy: 0
Dependency: hibernate-core:6.6.29.Final | Refl: 1214 | Proxy: 0
Dependency: jboss-logging:3.6.1.Final | Refl: 12 | Proxy: 0
Dependency: jaxb-runtime:4.0.5 | Refl: 10 | Proxy: 0
Dependency: thymeleaf-spring6:3.1.3.RELEASE | Refl: 4 | Proxy: 0
Dependency: thymeleaf:3.1.3.RELEASE | Refl: 59 | Proxy: 0
Dependency: tomcat-embed-core:10.1.46 | Refl: 105 | Proxy: 0
Dependency: postgresql:42.7.7 | Refl: 8 | Proxy: 0
Dependency: hibernate-validator:8.0.3.Final | Refl: 356 | Proxy: 0

============================================================
PROJECT: LabMQTT | DATE: 2026-04-10 10:18:22
SUMMARY: 2 deps | CMV: 0
------------------------------------------------------------
No reachability metadata found for this topology.

============================================================
PROJECT: task-manager | DATE: 2026-04-10 10:18:24
SUMMARY: 77 deps | CMV: 1476
------------------------------------------------------------
Dependency: HikariCP:5.1.0 | Refl: 12 | Proxy: 0
Dependency: hibernate-core:6.5.3.Final | Refl: 1214 | Proxy: 0
Dependency: jboss-logging:3.5.3.Final | Refl: 12 | Proxy: 0
Dependency: jaxb-runtime:4.0.5 | Refl: 10 | Proxy: 0
Dependency: logback-classic:1.5.11 | Refl: 97 | Proxy: 0
Dependency: tomcat-embed-core:10.1.31 | Refl: 105 | Proxy: 0
Dependency: jackson-databind:2.17.2 | Refl: 18 | Proxy: 0
Dependency: postgresql:42.7.4 | Refl: 8 | Proxy: 0

============================================================
PROJECT: algo-struct | DATE: 2026-04-16 18:44:46
SUMMARY: 41 deps | CMV: 283
------------------------------------------------------------
Dependency: logback-classic:1.5.18 | Refl: 97 | Proxy: 0
Dependency: thymeleaf-spring6:3.1.3.RELEASE | Refl: 4 | Proxy: 0
Dependency: thymeleaf:3.1.3.RELEASE | Refl: 59 | Proxy: 0
Dependency: jackson-databind:2.18.3 | Refl: 18 | Proxy: 0
Dependency: tomcat-embed-core:10.1.39 | Refl: 105 | Proxy: 0

============================================================
PROJECT: algorithms-api-java | DATE: 2026-04-16 18:44:53
SUMMARY: 41 deps | CMV: 590
------------------------------------------------------------
Dependency: logback-classic:1.5.18 | Refl: 97 | Proxy: 0
Dependency: jackson-databind:2.19.1 | Refl: 18 | Proxy: 0
Dependency: tomcat-embed-core:10.1.42 | Refl: 105 | Proxy: 0
Dependency: hibernate-validator:8.0.2.Final | Refl: 356 | Proxy: 0
Dependency: jboss-logging:3.6.1.Final | Refl: 12 | Proxy: 0
Dependency: classmate:1.7.0 | Refl: 2 | Proxy: 0

============================================================
PROJECT: StockWise | DATE: 2026-04-16 18:45:16
SUMMARY: 103 deps | CMV: 1553
------------------------------------------------------------
Dependency: logback-classic:1.5.16 | Refl: 97 | Proxy: 0
Dependency: jackson-databind:2.18.2 | Refl: 18 | Proxy: 0
Dependency: HdrHistogram:2.2.2 | Refl: 12 | Proxy: 0
Dependency: HikariCP:5.1.0 | Refl: 12 | Proxy: 0
Dependency: hibernate-core:6.6.8.Final | Refl: 1214 | Proxy: 0
Dependency: jboss-logging:3.6.1.Final | Refl: 12 | Proxy: 0
Dependency: classmate:1.7.0 | Refl: 2 | Proxy: 0
Dependency: thymeleaf-spring6:3.1.3.RELEASE | Refl: 4 | Proxy: 0
Dependency: thymeleaf:3.1.3.RELEASE | Refl: 59 | Proxy: 0
Dependency: tomcat-embed-core:10.1.36 | Refl: 105 | Proxy: 0
Dependency: postgresql:42.7.5 | Refl: 8 | Proxy: 0
Dependency: jaxb-runtime:4.0.5 | Refl: 10 | Proxy: 0

============================================================
PROJECT: sale-service | DATE: 2026-04-16 18:45:42
SUMMARY: 126 deps | CMV: 1968
------------------------------------------------------------
Dependency: logback-classic:1.5.11 | Refl: 97 | Proxy: 0
Dependency: jackson-databind:2.17.2 | Refl: 18 | Proxy: 0
Dependency: HdrHistogram:2.2.2 | Refl: 12 | Proxy: 0
Dependency: HikariCP:5.1.0 | Refl: 12 | Proxy: 0
Dependency: hibernate-core:6.5.3.Final | Refl: 1214 | Proxy: 0
Dependency: jboss-logging:3.5.3.Final | Refl: 12 | Proxy: 0
Dependency: classmate:1.7.0 | Refl: 2 | Proxy: 0
Dependency: jaxb-runtime:4.0.5 | Refl: 10 | Proxy: 0
Dependency: hibernate-validator:8.0.1.Final | Refl: 356 | Proxy: 0
Dependency: tomcat-embed-core:10.1.31 | Refl: 105 | Proxy: 0
Dependency: postgresql:42.7.4 | Refl: 8 | Proxy: 0
Dependency: consul-api:1.4.5 | Refl: 111 | Proxy: 0
Dependency: httpclient:4.5.14 | Refl: 1 | Proxy: 0
Dependency: commons-logging:1.2 | Refl: 7 | Proxy: 0
Dependency: httpcore:4.4.16 | Refl: 3 | Proxy: 0

============================================================
PROJECT: mini-erp | DATE: 2026-04-16 18:45:59
SUMMARY: 83 deps | CMV: 1905
------------------------------------------------------------
Dependency: logback-classic:1.5.18 | Refl: 97 | Proxy: 0
Dependency: jackson-databind:2.19.2 | Refl: 18 | Proxy: 0
Dependency: HdrHistogram:2.2.2 | Refl: 12 | Proxy: 0
Dependency: HikariCP:6.3.3 | Refl: 8 | Proxy: 0
Dependency: hibernate-core:6.6.29.Final | Refl: 1214 | Proxy: 0
Dependency: jboss-logging:3.6.1.Final | Refl: 12 | Proxy: 0
Dependency: classmate:1.7.0 | Refl: 2 | Proxy: 0
Dependency: jaxb-runtime:4.0.5 | Refl: 10 | Proxy: 0
Dependency: thymeleaf-spring6:3.1.3.RELEASE | Refl: 4 | Proxy: 0
Dependency: thymeleaf:3.1.3.RELEASE | Refl: 59 | Proxy: 0
Dependency: tomcat-embed-core:10.1.46 | Refl: 105 | Proxy: 0
Dependency: postgresql:42.7.7 | Refl: 8 | Proxy: 0
Dependency: hibernate-validator:8.0.3.Final | Refl: 356 | Proxy: 0

============================================================
PROJECT: LabMQTT | DATE: 2026-04-16 18:45:59
SUMMARY: 2 deps | CMV: 0
------------------------------------------------------------
No reachability metadata found for this topology.

============================================================
PROJECT: task-manager | DATE: 2026-04-16 18:46:12
SUMMARY: 77 deps | CMV: 1478
------------------------------------------------------------
Dependency: HikariCP:5.1.0 | Refl: 12 | Proxy: 0
Dependency: hibernate-core:6.5.3.Final | Refl: 1214 | Proxy: 0
Dependency: jboss-logging:3.5.3.Final | Refl: 12 | Proxy: 0
Dependency: classmate:1.7.0 | Refl: 2 | Proxy: 0
Dependency: jaxb-runtime:4.0.5 | Refl: 10 | Proxy: 0
Dependency: logback-classic:1.5.11 | Refl: 97 | Proxy: 0
Dependency: tomcat-embed-core:10.1.31 | Refl: 105 | Proxy: 0
Dependency: jackson-databind:2.17.2 | Refl: 18 | Proxy: 0
Dependency: postgresql:42.7.4 | Refl: 8 | Proxy: 0

============================================================
PROJECT: serverless-graalvm-demo | DATE: 2026-04-16 18:46:32
SUMMARY: 69 deps | CMV: 47
------------------------------------------------------------
Dependency: jackson-databind:2.21.2 | Refl: 18 | Proxy: 0
Dependency: httpclient:4.5.13 | Refl: 1 | Proxy: 0
Dependency: httpcore:4.4.13 | Refl: 3 | Proxy: 0
Dependency: commons-logging:1.2 | Refl: 7 | Proxy: 0
Dependency: jackson-databind:2.12.7.1 | Refl: 18 | Proxy: 0

============================================================
PROJECT: algo-struct | DATE: 2026-04-17 08:38:51
SUMMARY: 41 deps | CMV: 283
------------------------------------------------------------
Dependency: logback-classic:1.5.18 | Refl: 97 | Proxy: 0
Dependency: thymeleaf-spring6:3.1.3.RELEASE | Refl: 4 | Proxy: 0
Dependency: thymeleaf:3.1.3.RELEASE | Refl: 59 | Proxy: 0
Dependency: jackson-databind:2.18.3 | Refl: 18 | Proxy: 0
Dependency: tomcat-embed-core:10.1.39 | Refl: 105 | Proxy: 0

============================================================
PROJECT: algorithms-api-java | DATE: 2026-04-17 08:38:54
SUMMARY: 41 deps | CMV: 590
------------------------------------------------------------
Dependency: logback-classic:1.5.18 | Refl: 97 | Proxy: 0
Dependency: jackson-databind:2.19.1 | Refl: 18 | Proxy: 0
Dependency: tomcat-embed-core:10.1.42 | Refl: 105 | Proxy: 0
Dependency: hibernate-validator:8.0.2.Final | Refl: 356 | Proxy: 0
Dependency: jboss-logging:3.6.1.Final | Refl: 12 | Proxy: 0
Dependency: classmate:1.7.0 | Refl: 2 | Proxy: 0

============================================================
PROJECT: StockWise | DATE: 2026-04-17 08:39:06
SUMMARY: 103 deps | CMV: 1553
------------------------------------------------------------
Dependency: logback-classic:1.5.16 | Refl: 97 | Proxy: 0
Dependency: jackson-databind:2.18.2 | Refl: 18 | Proxy: 0
Dependency: HdrHistogram:2.2.2 | Refl: 12 | Proxy: 0
Dependency: HikariCP:5.1.0 | Refl: 12 | Proxy: 0
Dependency: hibernate-core:6.6.8.Final | Refl: 1214 | Proxy: 0
Dependency: jboss-logging:3.6.1.Final | Refl: 12 | Proxy: 0
Dependency: classmate:1.7.0 | Refl: 2 | Proxy: 0
Dependency: thymeleaf-spring6:3.1.3.RELEASE | Refl: 4 | Proxy: 0
Dependency: thymeleaf:3.1.3.RELEASE | Refl: 59 | Proxy: 0
Dependency: tomcat-embed-core:10.1.36 | Refl: 105 | Proxy: 0
Dependency: postgresql:42.7.5 | Refl: 8 | Proxy: 0
Dependency: jaxb-runtime:4.0.5 | Refl: 10 | Proxy: 0

============================================================
PROJECT: sale-service | DATE: 2026-04-17 08:39:20
SUMMARY: 126 deps | CMV: 1968
------------------------------------------------------------
Dependency: logback-classic:1.5.11 | Refl: 97 | Proxy: 0
Dependency: jackson-databind:2.17.2 | Refl: 18 | Proxy: 0
Dependency: HdrHistogram:2.2.2 | Refl: 12 | Proxy: 0
Dependency: HikariCP:5.1.0 | Refl: 12 | Proxy: 0
Dependency: hibernate-core:6.5.3.Final | Refl: 1214 | Proxy: 0
Dependency: jboss-logging:3.5.3.Final | Refl: 12 | Proxy: 0
Dependency: classmate:1.7.0 | Refl: 2 | Proxy: 0
Dependency: jaxb-runtime:4.0.5 | Refl: 10 | Proxy: 0
Dependency: hibernate-validator:8.0.1.Final | Refl: 356 | Proxy: 0
Dependency: tomcat-embed-core:10.1.31 | Refl: 105 | Proxy: 0
Dependency: postgresql:42.7.4 | Refl: 8 | Proxy: 0
Dependency: consul-api:1.4.5 | Refl: 111 | Proxy: 0
Dependency: httpclient:4.5.14 | Refl: 1 | Proxy: 0
Dependency: commons-logging:1.2 | Refl: 7 | Proxy: 0
Dependency: httpcore:4.4.16 | Refl: 3 | Proxy: 0

============================================================
PROJECT: mini-erp | DATE: 2026-04-17 08:39:24
SUMMARY: 83 deps | CMV: 1905
------------------------------------------------------------
Dependency: logback-classic:1.5.18 | Refl: 97 | Proxy: 0
Dependency: jackson-databind:2.19.2 | Refl: 18 | Proxy: 0
Dependency: HdrHistogram:2.2.2 | Refl: 12 | Proxy: 0
Dependency: HikariCP:6.3.3 | Refl: 8 | Proxy: 0
Dependency: hibernate-core:6.6.29.Final | Refl: 1214 | Proxy: 0
Dependency: jboss-logging:3.6.1.Final | Refl: 12 | Proxy: 0
Dependency: classmate:1.7.0 | Refl: 2 | Proxy: 0
Dependency: jaxb-runtime:4.0.5 | Refl: 10 | Proxy: 0
Dependency: thymeleaf-spring6:3.1.3.RELEASE | Refl: 4 | Proxy: 0
Dependency: thymeleaf:3.1.3.RELEASE | Refl: 59 | Proxy: 0
Dependency: tomcat-embed-core:10.1.46 | Refl: 105 | Proxy: 0
Dependency: postgresql:42.7.7 | Refl: 8 | Proxy: 0
Dependency: hibernate-validator:8.0.3.Final | Refl: 356 | Proxy: 0

============================================================
PROJECT: LabMQTT | DATE: 2026-04-17 08:39:24
SUMMARY: 2 deps | CMV: 0
------------------------------------------------------------
No reachability metadata found for this topology.

============================================================
PROJECT: task-manager | DATE: 2026-04-17 08:39:27
SUMMARY: 77 deps | CMV: 1478
------------------------------------------------------------
Dependency: HikariCP:5.1.0 | Refl: 12 | Proxy: 0
Dependency: hibernate-core:6.5.3.Final | Refl: 1214 | Proxy: 0
Dependency: jboss-logging:3.5.3.Final | Refl: 12 | Proxy: 0
Dependency: classmate:1.7.0 | Refl: 2 | Proxy: 0
Dependency: jaxb-runtime:4.0.5 | Refl: 10 | Proxy: 0
Dependency: logback-classic:1.5.11 | Refl: 97 | Proxy: 0
Dependency: tomcat-embed-core:10.1.31 | Refl: 105 | Proxy: 0
Dependency: jackson-databind:2.17.2 | Refl: 18 | Proxy: 0
Dependency: postgresql:42.7.4 | Refl: 8 | Proxy: 0

============================================================
PROJECT: algo-struct | DATE: 2026-04-17 09:31:29
SUMMARY: 41 deps | CMV: 283
------------------------------------------------------------
Dependency: logback-classic:1.5.18 | Refl: 97 | Proxy: 0
Dependency: thymeleaf-spring6:3.1.3.RELEASE | Refl: 4 | Proxy: 0
Dependency: thymeleaf:3.1.3.RELEASE | Refl: 59 | Proxy: 0
Dependency: jackson-databind:2.18.3 | Refl: 18 | Proxy: 0
Dependency: tomcat-embed-core:10.1.39 | Refl: 105 | Proxy: 0

============================================================
PROJECT: algorithms-api-java | DATE: 2026-04-17 09:31:32
SUMMARY: 41 deps | CMV: 590
------------------------------------------------------------
Dependency: logback-classic:1.5.18 | Refl: 97 | Proxy: 0
Dependency: jackson-databind:2.19.1 | Refl: 18 | Proxy: 0
Dependency: tomcat-embed-core:10.1.42 | Refl: 105 | Proxy: 0
Dependency: hibernate-validator:8.0.2.Final | Refl: 356 | Proxy: 0
Dependency: jboss-logging:3.6.1.Final | Refl: 12 | Proxy: 0
Dependency: classmate:1.7.0 | Refl: 2 | Proxy: 0

============================================================
PROJECT: StockWise | DATE: 2026-04-17 09:31:45
SUMMARY: 103 deps | CMV: 1553
------------------------------------------------------------
Dependency: logback-classic:1.5.16 | Refl: 97 | Proxy: 0
Dependency: jackson-databind:2.18.2 | Refl: 18 | Proxy: 0
Dependency: HdrHistogram:2.2.2 | Refl: 12 | Proxy: 0
Dependency: HikariCP:5.1.0 | Refl: 12 | Proxy: 0
Dependency: hibernate-core:6.6.8.Final | Refl: 1214 | Proxy: 0
Dependency: jboss-logging:3.6.1.Final | Refl: 12 | Proxy: 0
Dependency: classmate:1.7.0 | Refl: 2 | Proxy: 0
Dependency: thymeleaf-spring6:3.1.3.RELEASE | Refl: 4 | Proxy: 0
Dependency: thymeleaf:3.1.3.RELEASE | Refl: 59 | Proxy: 0
Dependency: tomcat-embed-core:10.1.36 | Refl: 105 | Proxy: 0
Dependency: postgresql:42.7.5 | Refl: 8 | Proxy: 0
Dependency: jaxb-runtime:4.0.5 | Refl: 10 | Proxy: 0

============================================================
PROJECT: sale-service | DATE: 2026-04-17 09:31:57
SUMMARY: 126 deps | CMV: 1968
------------------------------------------------------------
Dependency: logback-classic:1.5.11 | Refl: 97 | Proxy: 0
Dependency: jackson-databind:2.17.2 | Refl: 18 | Proxy: 0
Dependency: HdrHistogram:2.2.2 | Refl: 12 | Proxy: 0
Dependency: HikariCP:5.1.0 | Refl: 12 | Proxy: 0
Dependency: hibernate-core:6.5.3.Final | Refl: 1214 | Proxy: 0
Dependency: jboss-logging:3.5.3.Final | Refl: 12 | Proxy: 0
Dependency: classmate:1.7.0 | Refl: 2 | Proxy: 0
Dependency: jaxb-runtime:4.0.5 | Refl: 10 | Proxy: 0
Dependency: hibernate-validator:8.0.1.Final | Refl: 356 | Proxy: 0
Dependency: tomcat-embed-core:10.1.31 | Refl: 105 | Proxy: 0
Dependency: postgresql:42.7.4 | Refl: 8 | Proxy: 0
Dependency: consul-api:1.4.5 | Refl: 111 | Proxy: 0
Dependency: httpclient:4.5.14 | Refl: 1 | Proxy: 0
Dependency: commons-logging:1.2 | Refl: 7 | Proxy: 0
Dependency: httpcore:4.4.16 | Refl: 3 | Proxy: 0

============================================================
PROJECT: mini-erp | DATE: 2026-04-17 09:32:00
SUMMARY: 83 deps | CMV: 1905
------------------------------------------------------------
Dependency: logback-classic:1.5.18 | Refl: 97 | Proxy: 0
Dependency: jackson-databind:2.19.2 | Refl: 18 | Proxy: 0
Dependency: HdrHistogram:2.2.2 | Refl: 12 | Proxy: 0
Dependency: HikariCP:6.3.3 | Refl: 8 | Proxy: 0
Dependency: hibernate-core:6.6.29.Final | Refl: 1214 | Proxy: 0
Dependency: jboss-logging:3.6.1.Final | Refl: 12 | Proxy: 0
Dependency: classmate:1.7.0 | Refl: 2 | Proxy: 0
Dependency: jaxb-runtime:4.0.5 | Refl: 10 | Proxy: 0
Dependency: thymeleaf-spring6:3.1.3.RELEASE | Refl: 4 | Proxy: 0
Dependency: thymeleaf:3.1.3.RELEASE | Refl: 59 | Proxy: 0
Dependency: tomcat-embed-core:10.1.46 | Refl: 105 | Proxy: 0
Dependency: postgresql:42.7.7 | Refl: 8 | Proxy: 0
Dependency: hibernate-validator:8.0.3.Final | Refl: 356 | Proxy: 0

============================================================
PROJECT: LabMQTT | DATE: 2026-04-17 09:32:01
SUMMARY: 2 deps | CMV: 0
------------------------------------------------------------
No reachability metadata found for this topology.

============================================================
PROJECT: task-manager | DATE: 2026-04-17 09:32:03
SUMMARY: 77 deps | CMV: 1478
------------------------------------------------------------
Dependency: HikariCP:5.1.0 | Refl: 12 | Proxy: 0
Dependency: hibernate-core:6.5.3.Final | Refl: 1214 | Proxy: 0
Dependency: jboss-logging:3.5.3.Final | Refl: 12 | Proxy: 0
Dependency: classmate:1.7.0 | Refl: 2 | Proxy: 0
Dependency: jaxb-runtime:4.0.5 | Refl: 10 | Proxy: 0
Dependency: logback-classic:1.5.11 | Refl: 97 | Proxy: 0
Dependency: tomcat-embed-core:10.1.31 | Refl: 105 | Proxy: 0
Dependency: jackson-databind:2.17.2 | Refl: 18 | Proxy: 0
Dependency: postgresql:42.7.4 | Refl: 8 | Proxy: 0

============================================================
PROJECT: algo-struct | DATE: 2026-04-17 09:34:40
SUMMARY: 41 deps | CMV: 283
------------------------------------------------------------
Dependency: logback-classic:1.5.18 | Refl: 97 | Proxy: 0
Dependency: thymeleaf-spring6:3.1.3.RELEASE | Refl: 4 | Proxy: 0
Dependency: thymeleaf:3.1.3.RELEASE | Refl: 59 | Proxy: 0
Dependency: jackson-databind:2.18.3 | Refl: 18 | Proxy: 0
Dependency: tomcat-embed-core:10.1.39 | Refl: 105 | Proxy: 0

============================================================
PROJECT: algorithms-api-java | DATE: 2026-04-17 09:34:42
SUMMARY: 41 deps | CMV: 590
------------------------------------------------------------
Dependency: logback-classic:1.5.18 | Refl: 97 | Proxy: 0
Dependency: jackson-databind:2.19.1 | Refl: 18 | Proxy: 0
Dependency: tomcat-embed-core:10.1.42 | Refl: 105 | Proxy: 0
Dependency: hibernate-validator:8.0.2.Final | Refl: 356 | Proxy: 0
Dependency: jboss-logging:3.6.1.Final | Refl: 12 | Proxy: 0
Dependency: classmate:1.7.0 | Refl: 2 | Proxy: 0

============================================================
PROJECT: StockWise | DATE: 2026-04-17 09:34:52
SUMMARY: 103 deps | CMV: 1553
------------------------------------------------------------
Dependency: logback-classic:1.5.16 | Refl: 97 | Proxy: 0
Dependency: jackson-databind:2.18.2 | Refl: 18 | Proxy: 0
Dependency: HdrHistogram:2.2.2 | Refl: 12 | Proxy: 0
Dependency: HikariCP:5.1.0 | Refl: 12 | Proxy: 0
Dependency: hibernate-core:6.6.8.Final | Refl: 1214 | Proxy: 0
Dependency: jboss-logging:3.6.1.Final | Refl: 12 | Proxy: 0
Dependency: classmate:1.7.0 | Refl: 2 | Proxy: 0
Dependency: thymeleaf-spring6:3.1.3.RELEASE | Refl: 4 | Proxy: 0
Dependency: thymeleaf:3.1.3.RELEASE | Refl: 59 | Proxy: 0
Dependency: tomcat-embed-core:10.1.36 | Refl: 105 | Proxy: 0
Dependency: postgresql:42.7.5 | Refl: 8 | Proxy: 0
Dependency: jaxb-runtime:4.0.5 | Refl: 10 | Proxy: 0

============================================================
PROJECT: sale-service | DATE: 2026-04-17 09:35:03
SUMMARY: 126 deps | CMV: 1968
------------------------------------------------------------
Dependency: logback-classic:1.5.11 | Refl: 97 | Proxy: 0
Dependency: jackson-databind:2.17.2 | Refl: 18 | Proxy: 0
Dependency: HdrHistogram:2.2.2 | Refl: 12 | Proxy: 0
Dependency: HikariCP:5.1.0 | Refl: 12 | Proxy: 0
Dependency: hibernate-core:6.5.3.Final | Refl: 1214 | Proxy: 0
Dependency: jboss-logging:3.5.3.Final | Refl: 12 | Proxy: 0
Dependency: classmate:1.7.0 | Refl: 2 | Proxy: 0
Dependency: jaxb-runtime:4.0.5 | Refl: 10 | Proxy: 0
Dependency: hibernate-validator:8.0.1.Final | Refl: 356 | Proxy: 0
Dependency: tomcat-embed-core:10.1.31 | Refl: 105 | Proxy: 0
Dependency: postgresql:42.7.4 | Refl: 8 | Proxy: 0
Dependency: consul-api:1.4.5 | Refl: 111 | Proxy: 0
Dependency: httpclient:4.5.14 | Refl: 1 | Proxy: 0
Dependency: commons-logging:1.2 | Refl: 7 | Proxy: 0
Dependency: httpcore:4.4.16 | Refl: 3 | Proxy: 0

============================================================
PROJECT: mini-erp | DATE: 2026-04-17 09:35:06
SUMMARY: 83 deps | CMV: 1905
------------------------------------------------------------
Dependency: logback-classic:1.5.18 | Refl: 97 | Proxy: 0
Dependency: jackson-databind:2.19.2 | Refl: 18 | Proxy: 0
Dependency: HdrHistogram:2.2.2 | Refl: 12 | Proxy: 0
Dependency: HikariCP:6.3.3 | Refl: 8 | Proxy: 0
Dependency: hibernate-core:6.6.29.Final | Refl: 1214 | Proxy: 0
Dependency: jboss-logging:3.6.1.Final | Refl: 12 | Proxy: 0
Dependency: classmate:1.7.0 | Refl: 2 | Proxy: 0
Dependency: jaxb-runtime:4.0.5 | Refl: 10 | Proxy: 0
Dependency: thymeleaf-spring6:3.1.3.RELEASE | Refl: 4 | Proxy: 0
Dependency: thymeleaf:3.1.3.RELEASE | Refl: 59 | Proxy: 0
Dependency: tomcat-embed-core:10.1.46 | Refl: 105 | Proxy: 0
Dependency: postgresql:42.7.7 | Refl: 8 | Proxy: 0
Dependency: hibernate-validator:8.0.3.Final | Refl: 356 | Proxy: 0

============================================================
PROJECT: LabMQTT | DATE: 2026-04-17 09:35:06
SUMMARY: 2 deps | CMV: 0
------------------------------------------------------------
No reachability metadata found for this topology.

============================================================
PROJECT: task-manager | DATE: 2026-04-17 09:35:09
SUMMARY: 77 deps | CMV: 1478
------------------------------------------------------------
Dependency: HikariCP:5.1.0 | Refl: 12 | Proxy: 0
Dependency: hibernate-core:6.5.3.Final | Refl: 1214 | Proxy: 0
Dependency: jboss-logging:3.5.3.Final | Refl: 12 | Proxy: 0
Dependency: classmate:1.7.0 | Refl: 2 | Proxy: 0
Dependency: jaxb-runtime:4.0.5 | Refl: 10 | Proxy: 0
Dependency: logback-classic:1.5.11 | Refl: 97 | Proxy: 0
Dependency: tomcat-embed-core:10.1.31 | Refl: 105 | Proxy: 0
Dependency: jackson-databind:2.17.2 | Refl: 18 | Proxy: 0
Dependency: postgresql:42.7.4 | Refl: 8 | Proxy: 0

============================================================
PROJECT: algo-struct | DATE: 2026-04-17 09:36:27
SUMMARY: 41 deps | CMV: 283
------------------------------------------------------------
Dependency: logback-classic:1.5.18 | Refl: 97 | Proxy: 0
Dependency: thymeleaf-spring6:3.1.3.RELEASE | Refl: 4 | Proxy: 0
Dependency: thymeleaf:3.1.3.RELEASE | Refl: 59 | Proxy: 0
Dependency: jackson-databind:2.18.3 | Refl: 18 | Proxy: 0
Dependency: tomcat-embed-core:10.1.39 | Refl: 105 | Proxy: 0

============================================================
PROJECT: algorithms-api-java | DATE: 2026-04-17 09:36:30
SUMMARY: 41 deps | CMV: 590
------------------------------------------------------------
Dependency: logback-classic:1.5.18 | Refl: 97 | Proxy: 0
Dependency: jackson-databind:2.19.1 | Refl: 18 | Proxy: 0
Dependency: tomcat-embed-core:10.1.42 | Refl: 105 | Proxy: 0
Dependency: hibernate-validator:8.0.2.Final | Refl: 356 | Proxy: 0
Dependency: jboss-logging:3.6.1.Final | Refl: 12 | Proxy: 0
Dependency: classmate:1.7.0 | Refl: 2 | Proxy: 0

============================================================
PROJECT: StockWise | DATE: 2026-04-17 09:36:42
SUMMARY: 103 deps | CMV: 1553
------------------------------------------------------------
Dependency: logback-classic:1.5.16 | Refl: 97 | Proxy: 0
Dependency: jackson-databind:2.18.2 | Refl: 18 | Proxy: 0
Dependency: HdrHistogram:2.2.2 | Refl: 12 | Proxy: 0
Dependency: HikariCP:5.1.0 | Refl: 12 | Proxy: 0
Dependency: hibernate-core:6.6.8.Final | Refl: 1214 | Proxy: 0
Dependency: jboss-logging:3.6.1.Final | Refl: 12 | Proxy: 0
Dependency: classmate:1.7.0 | Refl: 2 | Proxy: 0
Dependency: thymeleaf-spring6:3.1.3.RELEASE | Refl: 4 | Proxy: 0
Dependency: thymeleaf:3.1.3.RELEASE | Refl: 59 | Proxy: 0
Dependency: tomcat-embed-core:10.1.36 | Refl: 105 | Proxy: 0
Dependency: postgresql:42.7.5 | Refl: 8 | Proxy: 0
Dependency: jaxb-runtime:4.0.5 | Refl: 10 | Proxy: 0

============================================================
PROJECT: sale-service | DATE: 2026-04-17 09:36:55
SUMMARY: 126 deps | CMV: 1968
------------------------------------------------------------
Dependency: logback-classic:1.5.11 | Refl: 97 | Proxy: 0
Dependency: jackson-databind:2.17.2 | Refl: 18 | Proxy: 0
Dependency: HdrHistogram:2.2.2 | Refl: 12 | Proxy: 0
Dependency: HikariCP:5.1.0 | Refl: 12 | Proxy: 0
Dependency: hibernate-core:6.5.3.Final | Refl: 1214 | Proxy: 0
Dependency: jboss-logging:3.5.3.Final | Refl: 12 | Proxy: 0
Dependency: classmate:1.7.0 | Refl: 2 | Proxy: 0
Dependency: jaxb-runtime:4.0.5 | Refl: 10 | Proxy: 0
Dependency: hibernate-validator:8.0.1.Final | Refl: 356 | Proxy: 0
Dependency: tomcat-embed-core:10.1.31 | Refl: 105 | Proxy: 0
Dependency: postgresql:42.7.4 | Refl: 8 | Proxy: 0
Dependency: consul-api:1.4.5 | Refl: 111 | Proxy: 0
Dependency: httpclient:4.5.14 | Refl: 1 | Proxy: 0
Dependency: commons-logging:1.2 | Refl: 7 | Proxy: 0
Dependency: httpcore:4.4.16 | Refl: 3 | Proxy: 0

============================================================
PROJECT: mini-erp | DATE: 2026-04-17 09:36:58
SUMMARY: 83 deps | CMV: 1905
------------------------------------------------------------
Dependency: logback-classic:1.5.18 | Refl: 97 | Proxy: 0
Dependency: jackson-databind:2.19.2 | Refl: 18 | Proxy: 0
Dependency: HdrHistogram:2.2.2 | Refl: 12 | Proxy: 0
Dependency: HikariCP:6.3.3 | Refl: 8 | Proxy: 0
Dependency: hibernate-core:6.6.29.Final | Refl: 1214 | Proxy: 0
Dependency: jboss-logging:3.6.1.Final | Refl: 12 | Proxy: 0
Dependency: classmate:1.7.0 | Refl: 2 | Proxy: 0
Dependency: jaxb-runtime:4.0.5 | Refl: 10 | Proxy: 0
Dependency: thymeleaf-spring6:3.1.3.RELEASE | Refl: 4 | Proxy: 0
Dependency: thymeleaf:3.1.3.RELEASE | Refl: 59 | Proxy: 0
Dependency: tomcat-embed-core:10.1.46 | Refl: 105 | Proxy: 0
Dependency: postgresql:42.7.7 | Refl: 8 | Proxy: 0
Dependency: hibernate-validator:8.0.3.Final | Refl: 356 | Proxy: 0

============================================================
PROJECT: LabMQTT | DATE: 2026-04-17 09:36:59
SUMMARY: 2 deps | CMV: 0
------------------------------------------------------------
No reachability metadata found for this topology.

============================================================
PROJECT: task-manager | DATE: 2026-04-17 09:37:01
SUMMARY: 77 deps | CMV: 1478
------------------------------------------------------------
Dependency: HikariCP:5.1.0 | Refl: 12 | Proxy: 0
Dependency: hibernate-core:6.5.3.Final | Refl: 1214 | Proxy: 0
Dependency: jboss-logging:3.5.3.Final | Refl: 12 | Proxy: 0
Dependency: classmate:1.7.0 | Refl: 2 | Proxy: 0
Dependency: jaxb-runtime:4.0.5 | Refl: 10 | Proxy: 0
Dependency: logback-classic:1.5.11 | Refl: 97 | Proxy: 0
Dependency: tomcat-embed-core:10.1.31 | Refl: 105 | Proxy: 0
Dependency: jackson-databind:2.17.2 | Refl: 18 | Proxy: 0
Dependency: postgresql:42.7.4 | Refl: 8 | Proxy: 0

============================================================
PROJECT: doom-graal | DATE: 2026-04-17 09:37:02
SUMMARY: 1 deps | CMV: 0
------------------------------------------------------------
No reachability metadata found for this topology.

============================================================
PROJECT: algo-struct | DATE: 2026-04-17 09:41:36
SUMMARY: 41 deps | CMV: 283
------------------------------------------------------------
Dependency: logback-classic:1.5.18 | Refl: 97 | Proxy: 0
Dependency: thymeleaf-spring6:3.1.3.RELEASE | Refl: 4 | Proxy: 0
Dependency: thymeleaf:3.1.3.RELEASE | Refl: 59 | Proxy: 0
Dependency: jackson-databind:2.18.3 | Refl: 18 | Proxy: 0
Dependency: tomcat-embed-core:10.1.39 | Refl: 105 | Proxy: 0

============================================================
PROJECT: algorithms-api-java | DATE: 2026-04-17 09:41:38
SUMMARY: 41 deps | CMV: 590
------------------------------------------------------------
Dependency: logback-classic:1.5.18 | Refl: 97 | Proxy: 0
Dependency: jackson-databind:2.19.1 | Refl: 18 | Proxy: 0
Dependency: tomcat-embed-core:10.1.42 | Refl: 105 | Proxy: 0
Dependency: hibernate-validator:8.0.2.Final | Refl: 356 | Proxy: 0
Dependency: jboss-logging:3.6.1.Final | Refl: 12 | Proxy: 0
Dependency: classmate:1.7.0 | Refl: 2 | Proxy: 0

============================================================
PROJECT: StockWise | DATE: 2026-04-17 09:41:49
SUMMARY: 103 deps | CMV: 1553
------------------------------------------------------------
Dependency: logback-classic:1.5.16 | Refl: 97 | Proxy: 0
Dependency: jackson-databind:2.18.2 | Refl: 18 | Proxy: 0
Dependency: HdrHistogram:2.2.2 | Refl: 12 | Proxy: 0
Dependency: HikariCP:5.1.0 | Refl: 12 | Proxy: 0
Dependency: hibernate-core:6.6.8.Final | Refl: 1214 | Proxy: 0
Dependency: jboss-logging:3.6.1.Final | Refl: 12 | Proxy: 0
Dependency: classmate:1.7.0 | Refl: 2 | Proxy: 0
Dependency: thymeleaf-spring6:3.1.3.RELEASE | Refl: 4 | Proxy: 0
Dependency: thymeleaf:3.1.3.RELEASE | Refl: 59 | Proxy: 0
Dependency: tomcat-embed-core:10.1.36 | Refl: 105 | Proxy: 0
Dependency: postgresql:42.7.5 | Refl: 8 | Proxy: 0
Dependency: jaxb-runtime:4.0.5 | Refl: 10 | Proxy: 0

============================================================
PROJECT: sale-service | DATE: 2026-04-17 09:42:03
SUMMARY: 126 deps | CMV: 1968
------------------------------------------------------------
Dependency: logback-classic:1.5.11 | Refl: 97 | Proxy: 0
Dependency: jackson-databind:2.17.2 | Refl: 18 | Proxy: 0
Dependency: HdrHistogram:2.2.2 | Refl: 12 | Proxy: 0
Dependency: HikariCP:5.1.0 | Refl: 12 | Proxy: 0
Dependency: hibernate-core:6.5.3.Final | Refl: 1214 | Proxy: 0
Dependency: jboss-logging:3.5.3.Final | Refl: 12 | Proxy: 0
Dependency: classmate:1.7.0 | Refl: 2 | Proxy: 0
Dependency: jaxb-runtime:4.0.5 | Refl: 10 | Proxy: 0
Dependency: hibernate-validator:8.0.1.Final | Refl: 356 | Proxy: 0
Dependency: tomcat-embed-core:10.1.31 | Refl: 105 | Proxy: 0
Dependency: postgresql:42.7.4 | Refl: 8 | Proxy: 0
Dependency: consul-api:1.4.5 | Refl: 111 | Proxy: 0
Dependency: httpclient:4.5.14 | Refl: 1 | Proxy: 0
Dependency: commons-logging:1.2 | Refl: 7 | Proxy: 0
Dependency: httpcore:4.4.16 | Refl: 3 | Proxy: 0

============================================================
PROJECT: mini-erp | DATE: 2026-04-17 09:42:06
SUMMARY: 83 deps | CMV: 1905
------------------------------------------------------------
Dependency: logback-classic:1.5.18 | Refl: 97 | Proxy: 0
Dependency: jackson-databind:2.19.2 | Refl: 18 | Proxy: 0
Dependency: HdrHistogram:2.2.2 | Refl: 12 | Proxy: 0
Dependency: HikariCP:6.3.3 | Refl: 8 | Proxy: 0
Dependency: hibernate-core:6.6.29.Final | Refl: 1214 | Proxy: 0
Dependency: jboss-logging:3.6.1.Final | Refl: 12 | Proxy: 0
Dependency: classmate:1.7.0 | Refl: 2 | Proxy: 0
Dependency: jaxb-runtime:4.0.5 | Refl: 10 | Proxy: 0
Dependency: thymeleaf-spring6:3.1.3.RELEASE | Refl: 4 | Proxy: 0
Dependency: thymeleaf:3.1.3.RELEASE | Refl: 59 | Proxy: 0
Dependency: tomcat-embed-core:10.1.46 | Refl: 105 | Proxy: 0
Dependency: postgresql:42.7.7 | Refl: 8 | Proxy: 0
Dependency: hibernate-validator:8.0.3.Final | Refl: 356 | Proxy: 0

============================================================
PROJECT: LabMQTT | DATE: 2026-04-17 09:42:07
SUMMARY: 2 deps | CMV: 0
------------------------------------------------------------
No reachability metadata found for this topology.

============================================================
PROJECT: task-manager | DATE: 2026-04-17 09:42:09
SUMMARY: 77 deps | CMV: 1478
------------------------------------------------------------
Dependency: HikariCP:5.1.0 | Refl: 12 | Proxy: 0
Dependency: hibernate-core:6.5.3.Final | Refl: 1214 | Proxy: 0
Dependency: jboss-logging:3.5.3.Final | Refl: 12 | Proxy: 0
Dependency: classmate:1.7.0 | Refl: 2 | Proxy: 0
Dependency: jaxb-runtime:4.0.5 | Refl: 10 | Proxy: 0
Dependency: logback-classic:1.5.11 | Refl: 97 | Proxy: 0
Dependency: tomcat-embed-core:10.1.31 | Refl: 105 | Proxy: 0
Dependency: jackson-databind:2.17.2 | Refl: 18 | Proxy: 0
Dependency: postgresql:42.7.4 | Refl: 8 | Proxy: 0

============================================================
PROJECT: doom-graal | DATE: 2026-04-17 09:42:10
SUMMARY: 1 deps | CMV: 0
------------------------------------------------------------
No reachability metadata found for this topology.

============================================================
PROJECT: java-graalvm-start | DATE: 2026-04-17 09:42:17
SUMMARY: 102 deps | CMV: 402
------------------------------------------------------------
Dependency: logback-classic:1.2.11 | Refl: 42 | Proxy: 0
Dependency: jackson-databind:2.13.4.2 | Refl: 18 | Proxy: 0
Dependency: thymeleaf:3.0.15.RELEASE | Refl: 59 | Proxy: 0
Dependency: logback-classic:1.5.18 | Refl: 97 | Proxy: 0
Dependency: thymeleaf-spring6:3.1.3.RELEASE | Refl: 4 | Proxy: 0
Dependency: thymeleaf:3.1.3.RELEASE | Refl: 59 | Proxy: 0
Dependency: jackson-databind:2.19.0 | Refl: 18 | Proxy: 0
Dependency: tomcat-embed-core:10.1.41 | Refl: 105 | Proxy: 0

============================================================
PROJECT: algo-struct | DATE: 2026-04-26 18:08:11
SUMMARY: 41 deps | CMV: 293
------------------------------------------------------------
Dependency: logback-classic:1.5.18 | Refl: 97 | Proxy: 0
Dependency: logback-core:1.5.18 | Refl: 8 | Proxy: 0
Dependency: thymeleaf-spring6:3.1.3.RELEASE | Refl: 4 | Proxy: 0
Dependency: thymeleaf:3.1.3.RELEASE | Refl: 59 | Proxy: 0
Dependency: slf4j-api:2.0.17 | Refl: 2 | Proxy: 0
Dependency: jackson-databind:2.18.3 | Refl: 18 | Proxy: 0
Dependency: tomcat-embed-core:10.1.39 | Refl: 105 | Proxy: 0

============================================================
PROJECT: algorithms-api-java | DATE: 2026-04-26 18:08:25
SUMMARY: 41 deps | CMV: 600
------------------------------------------------------------
Dependency: logback-classic:1.5.18 | Refl: 97 | Proxy: 0
Dependency: logback-core:1.5.18 | Refl: 8 | Proxy: 0
Dependency: jackson-databind:2.19.1 | Refl: 18 | Proxy: 0
Dependency: tomcat-embed-core:10.1.42 | Refl: 105 | Proxy: 0
Dependency: hibernate-validator:8.0.2.Final | Refl: 356 | Proxy: 0
Dependency: jboss-logging:3.6.1.Final | Refl: 12 | Proxy: 0
Dependency: classmate:1.7.0 | Refl: 2 | Proxy: 0
Dependency: slf4j-api:2.0.17 | Refl: 2 | Proxy: 0

============================================================
PROJECT: algo-struct | DATE: 2026-04-26 18:10:00
SUMMARY: 41 deps | CMV: 293
------------------------------------------------------------
Dependency: logback-classic:1.5.18 | Refl: 97 | Proxy: 0
Dependency: logback-core:1.5.18 | Refl: 8 | Proxy: 0
Dependency: thymeleaf-spring6:3.1.3.RELEASE | Refl: 4 | Proxy: 0
Dependency: thymeleaf:3.1.3.RELEASE | Refl: 59 | Proxy: 0
Dependency: slf4j-api:2.0.17 | Refl: 2 | Proxy: 0
Dependency: jackson-databind:2.18.3 | Refl: 18 | Proxy: 0
Dependency: tomcat-embed-core:10.1.39 | Refl: 105 | Proxy: 0

============================================================
PROJECT: algorithms-api-java | DATE: 2026-04-26 18:10:06
SUMMARY: 41 deps | CMV: 600
------------------------------------------------------------
Dependency: logback-classic:1.5.18 | Refl: 97 | Proxy: 0
Dependency: logback-core:1.5.18 | Refl: 8 | Proxy: 0
Dependency: jackson-databind:2.19.1 | Refl: 18 | Proxy: 0
Dependency: tomcat-embed-core:10.1.42 | Refl: 105 | Proxy: 0
Dependency: hibernate-validator:8.0.2.Final | Refl: 356 | Proxy: 0
Dependency: jboss-logging:3.6.1.Final | Refl: 12 | Proxy: 0
Dependency: classmate:1.7.0 | Refl: 2 | Proxy: 0
Dependency: slf4j-api:2.0.17 | Refl: 2 | Proxy: 0

============================================================
PROJECT: StockWise | DATE: 2026-04-26 18:10:31
SUMMARY: 103 deps | CMV: 1565
------------------------------------------------------------
Dependency: logback-classic:1.5.16 | Refl: 97 | Proxy: 0
Dependency: logback-core:1.5.16 | Refl: 8 | Proxy: 0
Dependency: jackson-databind:2.18.2 | Refl: 18 | Proxy: 0
Dependency: HdrHistogram:2.2.2 | Refl: 12 | Proxy: 0
Dependency: HikariCP:5.1.0 | Refl: 12 | Proxy: 0
Dependency: hibernate-core:6.6.8.Final | Refl: 1214 | Proxy: 0
Dependency: jakarta.persistence-api:3.1.0 | Refl: 2 | Proxy: 0
Dependency: jboss-logging:3.6.1.Final | Refl: 12 | Proxy: 0
Dependency: classmate:1.7.0 | Refl: 2 | Proxy: 0
Dependency: slf4j-api:2.0.16 | Refl: 2 | Proxy: 0
Dependency: thymeleaf-spring6:3.1.3.RELEASE | Refl: 4 | Proxy: 0
Dependency: thymeleaf:3.1.3.RELEASE | Refl: 59 | Proxy: 0
Dependency: tomcat-embed-core:10.1.36 | Refl: 105 | Proxy: 0
Dependency: postgresql:42.7.5 | Refl: 8 | Proxy: 0
Dependency: jaxb-runtime:4.0.5 | Refl: 10 | Proxy: 0

============================================================
PROJECT: sale-service | DATE: 2026-04-26 18:10:57
SUMMARY: 126 deps | CMV: 1984
------------------------------------------------------------
Dependency: logback-classic:1.5.11 | Refl: 97 | Proxy: 0
Dependency: logback-core:1.5.11 | Refl: 8 | Proxy: 0
Dependency: jackson-databind:2.17.2 | Refl: 18 | Proxy: 0
Dependency: HdrHistogram:2.2.2 | Refl: 12 | Proxy: 0
Dependency: HikariCP:5.1.0 | Refl: 12 | Proxy: 0
Dependency: hibernate-core:6.5.3.Final | Refl: 1214 | Proxy: 0
Dependency: jakarta.persistence-api:3.1.0 | Refl: 2 | Proxy: 0
Dependency: jboss-logging:3.5.3.Final | Refl: 12 | Proxy: 0
Dependency: classmate:1.7.0 | Refl: 2 | Proxy: 0
Dependency: jaxb-runtime:4.0.5 | Refl: 10 | Proxy: 0
Dependency: hibernate-validator:8.0.1.Final | Refl: 356 | Proxy: 0
Dependency: tomcat-embed-core:10.1.31 | Refl: 105 | Proxy: 0
Dependency: postgresql:42.7.4 | Refl: 8 | Proxy: 0
Dependency: commons-io:2.11.0 | Refl: 4 | Proxy: 0
Dependency: slf4j-api:2.0.16 | Refl: 2 | Proxy: 0
Dependency: consul-api:1.4.5 | Refl: 111 | Proxy: 0
Dependency: httpclient:4.5.14 | Refl: 1 | Proxy: 0
Dependency: commons-logging:1.2 | Refl: 7 | Proxy: 0
Dependency: httpcore:4.4.16 | Refl: 3 | Proxy: 0

============================================================
PROJECT: mini-erp | DATE: 2026-04-26 18:11:14
SUMMARY: 83 deps | CMV: 1917
------------------------------------------------------------
Dependency: logback-classic:1.5.18 | Refl: 97 | Proxy: 0
Dependency: logback-core:1.5.18 | Refl: 8 | Proxy: 0
Dependency: jackson-databind:2.19.2 | Refl: 18 | Proxy: 0
Dependency: HdrHistogram:2.2.2 | Refl: 12 | Proxy: 0
Dependency: HikariCP:6.3.3 | Refl: 8 | Proxy: 0
Dependency: hibernate-core:6.6.29.Final | Refl: 1214 | Proxy: 0
Dependency: jakarta.persistence-api:3.1.0 | Refl: 2 | Proxy: 0
Dependency: jboss-logging:3.6.1.Final | Refl: 12 | Proxy: 0
Dependency: classmate:1.7.0 | Refl: 2 | Proxy: 0
Dependency: jaxb-runtime:4.0.5 | Refl: 10 | Proxy: 0
Dependency: slf4j-api:2.0.17 | Refl: 2 | Proxy: 0
Dependency: thymeleaf-spring6:3.1.3.RELEASE | Refl: 4 | Proxy: 0
Dependency: thymeleaf:3.1.3.RELEASE | Refl: 59 | Proxy: 0
Dependency: tomcat-embed-core:10.1.46 | Refl: 105 | Proxy: 0
Dependency: postgresql:42.7.7 | Refl: 8 | Proxy: 0
Dependency: hibernate-validator:8.0.3.Final | Refl: 356 | Proxy: 0

============================================================
PROJECT: LabMQTT | DATE: 2026-04-26 18:11:15
SUMMARY: 2 deps | CMV: 2
------------------------------------------------------------
Dependency: slf4j-api:1.7.36 | Refl: 2 | Proxy: 0

============================================================
PROJECT: task-manager | DATE: 2026-04-26 18:11:28
SUMMARY: 77 deps | CMV: 1490
------------------------------------------------------------
Dependency: HikariCP:5.1.0 | Refl: 12 | Proxy: 0
Dependency: hibernate-core:6.5.3.Final | Refl: 1214 | Proxy: 0
Dependency: jakarta.persistence-api:3.1.0 | Refl: 2 | Proxy: 0
Dependency: jboss-logging:3.5.3.Final | Refl: 12 | Proxy: 0
Dependency: classmate:1.7.0 | Refl: 2 | Proxy: 0
Dependency: jaxb-runtime:4.0.5 | Refl: 10 | Proxy: 0
Dependency: slf4j-api:2.0.16 | Refl: 2 | Proxy: 0
Dependency: logback-classic:1.5.11 | Refl: 97 | Proxy: 0
Dependency: logback-core:1.5.11 | Refl: 8 | Proxy: 0
Dependency: tomcat-embed-core:10.1.31 | Refl: 105 | Proxy: 0
Dependency: jackson-databind:2.17.2 | Refl: 18 | Proxy: 0
Dependency: postgresql:42.7.4 | Refl: 8 | Proxy: 0

============================================================
PROJECT: doom-graal | DATE: 2026-04-26 18:11:29
SUMMARY: 1 deps | CMV: 0
------------------------------------------------------------
No reachability metadata found for this topology.

============================================================
PROJECT: java-graalvm-start | DATE: 2026-04-26 18:11:47
SUMMARY: 102 deps | CMV: 422
------------------------------------------------------------
Dependency: logback-classic:1.2.11 | Refl: 42 | Proxy: 0
Dependency: logback-core:1.2.11 | Refl: 8 | Proxy: 0
Dependency: jackson-databind:2.13.4.2 | Refl: 18 | Proxy: 0
Dependency: thymeleaf:3.0.15.RELEASE | Refl: 59 | Proxy: 0
Dependency: slf4j-api:1.7.36 | Refl: 2 | Proxy: 0
Dependency: logback-classic:1.5.18 | Refl: 97 | Proxy: 0
Dependency: logback-core:1.5.18 | Refl: 8 | Proxy: 0
Dependency: thymeleaf-spring6:3.1.3.RELEASE | Refl: 4 | Proxy: 0
Dependency: thymeleaf:3.1.3.RELEASE | Refl: 59 | Proxy: 0
Dependency: slf4j-api:2.0.17 | Refl: 2 | Proxy: 0
Dependency: jackson-databind:2.19.0 | Refl: 18 | Proxy: 0
Dependency: tomcat-embed-core:10.1.41 | Refl: 105 | Proxy: 0

============================================================
PROJECT: algo-struct | DATE: 2026-04-26 18:18:18
SUMMARY: 41 deps | CMV: 293
------------------------------------------------------------
Dependency: logback-classic:1.5.18 | Refl: 97 | Proxy: 0
Dependency: logback-core:1.5.18 | Refl: 8 | Proxy: 0
Dependency: thymeleaf-spring6:3.1.3.RELEASE | Refl: 4 | Proxy: 0
Dependency: thymeleaf:3.1.3.RELEASE | Refl: 59 | Proxy: 0
Dependency: slf4j-api:2.0.17 | Refl: 2 | Proxy: 0
Dependency: jackson-databind:2.18.3 | Refl: 18 | Proxy: 0
Dependency: tomcat-embed-core:10.1.39 | Refl: 105 | Proxy: 0

============================================================
PROJECT: algorithms-api-java | DATE: 2026-04-26 18:18:26
SUMMARY: 41 deps | CMV: 600
------------------------------------------------------------
Dependency: logback-classic:1.5.18 | Refl: 97 | Proxy: 0
Dependency: logback-core:1.5.18 | Refl: 8 | Proxy: 0
Dependency: jackson-databind:2.19.1 | Refl: 18 | Proxy: 0
Dependency: tomcat-embed-core:10.1.42 | Refl: 105 | Proxy: 0
Dependency: hibernate-validator:8.0.2.Final | Refl: 356 | Proxy: 0
Dependency: jboss-logging:3.6.1.Final | Refl: 12 | Proxy: 0
Dependency: classmate:1.7.0 | Refl: 2 | Proxy: 0
Dependency: slf4j-api:2.0.17 | Refl: 2 | Proxy: 0

============================================================
PROJECT: mini-erp | DATE: 2026-04-26 18:50:09
SUMMARY: 83 deps | CMV: 1917
------------------------------------------------------------
Dependency: logback-classic:1.5.18 | Refl: 97 | Proxy: 0
Dependency: logback-core:1.5.18 | Refl: 8 | Proxy: 0
Dependency: jackson-databind:2.19.2 | Refl: 18 | Proxy: 0
Dependency: HdrHistogram:2.2.2 | Refl: 12 | Proxy: 0
Dependency: HikariCP:6.3.3 | Refl: 8 | Proxy: 0
Dependency: hibernate-core:6.6.29.Final | Refl: 1214 | Proxy: 0
Dependency: jakarta.persistence-api:3.1.0 | Refl: 2 | Proxy: 0
Dependency: jboss-logging:3.6.1.Final | Refl: 12 | Proxy: 0
Dependency: classmate:1.7.0 | Refl: 2 | Proxy: 0
Dependency: jaxb-runtime:4.0.5 | Refl: 10 | Proxy: 0
Dependency: slf4j-api:2.0.17 | Refl: 2 | Proxy: 0
Dependency: thymeleaf-spring6:3.1.3.RELEASE | Refl: 4 | Proxy: 0
Dependency: thymeleaf:3.1.3.RELEASE | Refl: 59 | Proxy: 0
Dependency: tomcat-embed-core:10.1.46 | Refl: 105 | Proxy: 0
Dependency: postgresql:42.7.7 | Refl: 8 | Proxy: 0
Dependency: hibernate-validator:8.0.3.Final | Refl: 356 | Proxy: 0

============================================================
PROJECT: LabMQTT | DATE: 2026-04-26 18:51:12
SUMMARY: 2 deps | CMV: 2
------------------------------------------------------------
Dependency: slf4j-api:1.7.36 | Refl: 2 | Proxy: 0

============================================================
PROJECT: LabMQTT | DATE: 2026-04-27 10:05:36
SUMMARY: 2 deps | CMV: 2
------------------------------------------------------------
Dependency: slf4j-api:1.7.36 | Refl: 2 | Proxy: 0

============================================================
PROJECT: spring-boot-graalvm | DATE: 2026-04-28 17:11:49
SUMMARY: 0 deps | CMV: 0
------------------------------------------------------------
No reachability metadata found for this topology.

============================================================
PROJECT: spring-boot-graalvm | DATE: 2026-04-28 17:28:50
SUMMARY: 0 deps | CMV: 0
------------------------------------------------------------
No reachability metadata found for this topology.

============================================================
PROJECT: azure-native-spring-function | DATE: 2026-04-28 17:57:44
SUMMARY: 59 deps | CMV: 855
------------------------------------------------------------
Dependency: jackson-databind:2.13.3 | Refl: 18 | Proxy: 0
Dependency: jackson-annotations:2.13.3 | Refl: 2 | Proxy: 0
Dependency: netty-common:4.1.77.Final | Refl: 750 | Proxy: 0
Dependency: netty-transport:4.1.77.Final | Refl: 3 | Proxy: 0
Dependency: netty-transport-classes-epoll:4.1.77.Final | Refl: 27 | Proxy: 0
Dependency: reactor-core:3.4.18 | Refl: 3 | Proxy: 0
Dependency: logback-classic:1.2.11 | Refl: 42 | Proxy: 0
Dependency: logback-core:1.2.11 | Refl: 8 | Proxy: 0
Dependency: slf4j-api:1.7.36 | Refl: 2 | Proxy: 0

============================================================
PROJECT: doom-graal | DATE: 2026-04-28 17:59:18
SUMMARY: 1 deps | CMV: 0
------------------------------------------------------------
No reachability metadata found for this topology.

============================================================
PROJECT: java-graalvm-start | DATE: 2026-04-28 18:00:28
SUMMARY: 102 deps | CMV: 486
------------------------------------------------------------
Dependency: logback-classic:1.2.11 | Refl: 42 | Proxy: 0
Dependency: logback-core:1.2.11 | Refl: 8 | Proxy: 0
Dependency: jackson-databind:2.13.4.2 | Refl: 18 | Proxy: 0
Dependency: jackson-annotations:2.13.4 | Refl: 2 | Proxy: 0
Dependency: tomcat-embed-el:9.0.70 | Refl: 25 | Proxy: 0
Dependency: thymeleaf:3.0.15.RELEASE | Refl: 59 | Proxy: 0
Dependency: slf4j-api:1.7.36 | Refl: 2 | Proxy: 0
Dependency: logback-classic:1.5.18 | Refl: 97 | Proxy: 0
Dependency: logback-core:1.5.18 | Refl: 8 | Proxy: 0
Dependency: thymeleaf-spring6:3.1.3.RELEASE | Refl: 4 | Proxy: 0
Dependency: thymeleaf:3.1.3.RELEASE | Refl: 59 | Proxy: 0
Dependency: slf4j-api:2.0.17 | Refl: 2 | Proxy: 0
Dependency: jackson-databind:2.19.0 | Refl: 18 | Proxy: 0
Dependency: jackson-annotations:2.19.0 | Refl: 2 | Proxy: 0
Dependency: tomcat-embed-core:10.1.41 | Refl: 105 | Proxy: 0
Dependency: tomcat-embed-el:10.1.41 | Refl: 25 | Proxy: 0
Dependency: picocli:4.6.2 | Refl: 4 | Proxy: 0
Dependency: jansi:1.18 | Refl: 6 | Proxy: 0

============================================================
PROJECT: spring-boot-graalvm | DATE: 2026-04-28 18:01:35
SUMMARY: 0 deps | CMV: 0
------------------------------------------------------------
No reachability metadata found for this topology.

============================================================
PROJECT: spring-native | DATE: 2026-04-28 18:20:00
SUMMARY: 518 deps | CMV: 3796
------------------------------------------------------------
Dependency: tomcat-embed-core:9.0.70 | Refl: 105 | Proxy: 0
Dependency: jackson-databind:2.13.4.2 | Refl: 18 | Proxy: 0
Dependency: jackson-annotations:2.13.4 | Refl: 2 | Proxy: 0
Dependency: HdrHistogram:2.1.12 | Refl: 12 | Proxy: 0
Dependency: LatencyUtils:2.0.3 | Refl: 3 | Proxy: 0
Dependency: slf4j-api:1.7.36 | Refl: 2 | Proxy: 0
Dependency: logback-classic:1.2.11 | Refl: 42 | Proxy: 0
Dependency: logback-core:1.2.11 | Refl: 8 | Proxy: 0
Dependency: h2:2.1.214 | Refl: 19 | Proxy: 0
Dependency: hibernate-validator:6.2.5.Final | Refl: 356 | Proxy: 0
Dependency: jboss-logging:3.4.3.Final | Refl: 12 | Proxy: 0
Dependency: classmate:1.5.1 | Refl: 2 | Proxy: 0
Dependency: hibernate-core:5.6.14.Final | Refl: 260 | Proxy: 0
Dependency: javax.persistence-api:2.2 | Refl: 2 | Proxy: 0
Dependency: jandex:2.4.2.Final | Refl: 1 | Proxy: 0
Dependency: javax.activation-api:1.2.0 | Refl: 1 | Proxy: 0
Dependency: jaxb-runtime:2.3.7 | Refl: 10 | Proxy: 0
Dependency: jakarta.activation:1.2.2 | Refl: 1 | Proxy: 0
Dependency: httpclient:4.5.14 | Refl: 1 | Proxy: 0
Dependency: httpcore:4.4.16 | Refl: 3 | Proxy: 0
Dependency: commons-compress:1.21 | Refl: 14 | Proxy: 0
Dependency: picocli:4.6.1 | Refl: 4 | Proxy: 0
Dependency: asm:9.2 | Refl: 4 | Proxy: 0
Dependency: kafka-clients:3.1.2 | Refl: 54 | Proxy: 0
Dependency: zstd-jni:1.5.0-4 | Refl: 15 | Proxy: 0
Dependency: lz4-java:1.8.0 | Refl: 24 | Proxy: 0
Dependency: kafka-streams:3.1.2 | Refl: 14 | Proxy: 0
Dependency: rocksdbjni:6.22.1.1 | Refl: 4 | Proxy: 0
Dependency: javax.servlet-api:4.0.1 | Refl: 1 | Proxy: 0
Dependency: reactor-core:3.4.26 | Refl: 3 | Proxy: 0
Dependency: kotlin-stdlib:1.6.21 | Refl: 1 | Proxy: 0
Dependency: quartz:2.3.2 | Refl: 8 | Proxy: 0
Dependency: mchange-commons-java:0.2.15 | Refl: 125 | Proxy: 0
Dependency: commons-compress:1.19 | Refl: 14 | Proxy: 0
Dependency: joda-time:2.10.10 | Refl: 3 | Proxy: 0
Dependency: jna:5.10.0 | Refl: 50 | Proxy: 0
Dependency: postgresql:42.3.8 | Refl: 8 | Proxy: 0
Dependency: netty-transport-classes-epoll:4.1.86.Final | Refl: 27 | Proxy: 0
Dependency: netty-transport:4.1.86.Final | Refl: 3 | Proxy: 0
Dependency: netty-common:4.1.86.Final | Refl: 750 | Proxy: 0
Dependency: HikariCP:4.0.3 | Refl: 9 | Proxy: 0
Dependency: thymeleaf:3.0.15.RELEASE | Refl: 59 | Proxy: 0
Dependency: mysql-connector-j:8.0.31 | Refl: 24 | Proxy: 0
Dependency: mariadb-java-client:3.0.9 | Refl: 3 | Proxy: 0
Dependency: tomcat-embed-el:9.0.70 | Refl: 25 | Proxy: 0
Dependency: bcpkix-jdk15on:1.68 | Refl: 90 | Proxy: 0
Dependency: org.eclipse.jgit:5.12.0.202106070339-r | Refl: 16 | Proxy: 0
Dependency: kotlin-reflect:1.6.21 | Refl: 10 | Proxy: 0
Dependency: jakarta.mail:1.6.7 | Refl: 8 | Proxy: 0
Dependency: ehcache:3.10.8 | Refl: 534 | Proxy: 0
Dependency: hazelcast:5.1.5 | Refl: 597 | Proxy: 0
Dependency: caffeine:2.9.3 | Refl: 38 | Proxy: 0
Dependency: jetty-util:9.4.50.v20221201 | Refl: 2 | Proxy: 0
Dependency: jetty-client:9.4.50.v20221201 | Refl: 49 | Proxy: 0
Dependency: jetty-server:9.4.50.v20221201 | Refl: 33 | Proxy: 0
Dependency: undertow-core:2.2.22.Final | Refl: 64 | Proxy: 0
Dependency: commons-pool2:2.11.1 | Refl: 1 | Proxy: 0
Dependency: commons-io:2.11.0 | Refl: 4 | Proxy: 0
Dependency: okio:2.8.0 | Refl: 1 | Proxy: 0
Dependency: consul-api:1.4.5 | Refl: 111 | Proxy: 0
Dependency: commons-io:2.5 | Refl: 4 | Proxy: 0
Dependency: commons-lang3:3.12.0 | Refl: 28 | Proxy: 0
Dependency: jna:5.6.0 | Refl: 50 | Proxy: 0
Dependency: jna:5.7.0 | Refl: 50 | Proxy: 0

============================================================
PROJECT: piggymetrics | DATE: 2026-05-01 13:03:34
SUMMARY: 247 deps | CMV: 1615
------------------------------------------------------------
Dependency: jackson-annotations:2.9.0 | Refl: 2 | Proxy: 0
Dependency: jackson-databind:2.9.6 | Refl: 18 | Proxy: 0
Dependency: HdrHistogram:2.1.10 | Refl: 12 | Proxy: 0
Dependency: LatencyUtils:2.0.3 | Refl: 3 | Proxy: 0
Dependency: tomcat-embed-core:8.5.31 | Refl: 105 | Proxy: 0
Dependency: tomcat-embed-el:8.5.31 | Refl: 25 | Proxy: 0
Dependency: hibernate-validator:6.0.10.Final | Refl: 356 | Proxy: 0
Dependency: validation-api:2.0.1.Final | Refl: 2 | Proxy: 0
Dependency: jboss-logging:3.3.2.Final | Refl: 12 | Proxy: 0
Dependency: classmate:1.3.4 | Refl: 2 | Proxy: 0
Dependency: spring-security-crypto:5.0.6.RELEASE | Refl: 21 | Proxy: 0
Dependency: bcpkix-jdk15on:1.56 | Refl: 90 | Proxy: 0
Dependency: org.eclipse.jgit:4.11.0.201803080745-r | Refl: 16 | Proxy: 0
Dependency: httpclient:4.5.5 | Refl: 2 | Proxy: 0
Dependency: slf4j-api:1.7.25 | Refl: 2 | Proxy: 0
Dependency: httpcore:4.4.9 | Refl: 3 | Proxy: 0
Dependency: logback-classic:1.2.3 | Refl: 97 | Proxy: 0
Dependency: logback-core:1.2.3 | Refl: 8 | Proxy: 0
Dependency: HdrHistogram:2.1.9 | Refl: 12 | Proxy: 0
Dependency: asm:5.0.4 | Refl: 4 | Proxy: 0
Dependency: objenesis:2.6 | Refl: 1 | Proxy: 0
Dependency: joda-time:2.9.9 | Refl: 3 | Proxy: 0
Dependency: netty-common:4.1.25.Final | Refl: 750 | Proxy: 0
Dependency: netty-transport:4.1.25.Final | Refl: 3 | Proxy: 0
Dependency: netty-resolver:4.1.25.Final | Refl: 7 | Proxy: 0
Dependency: commons-lang3:3.7 | Refl: 28 | Proxy: 0
Dependency: commons-io:2.4 | Refl: 4 | Proxy: 0
Dependency: zipkin-reporter:2.7.3 | Refl: 2 | Proxy: 0
Dependency: amqp-client:5.1.2 | Refl: 21 | Proxy: 0
Dependency: reactor-core:3.1.8.RELEASE | Refl: 3 | Proxy: 0
Dependency: activation:1.1 | Refl: 1 | Proxy: 0

============================================================
PROJECT: SpringBootForBeginners | DATE: 2026-05-01 13:07:05
SUMMARY: 63 deps | CMV: 687
------------------------------------------------------------
Dependency: logback-classic:1.1.7 | Refl: 97 | Proxy: 0
Dependency: logback-core:1.1.7 | Refl: 8 | Proxy: 0
Dependency: tomcat-embed-core:8.5.4 | Refl: 105 | Proxy: 0
Dependency: tomcat-embed-el:8.5.4 | Refl: 25 | Proxy: 0
Dependency: validation-api:1.1.0.Final | Refl: 2 | Proxy: 0
Dependency: jboss-logging:3.3.0.Final | Refl: 12 | Proxy: 0
Dependency: classmate:1.3.1 | Refl: 2 | Proxy: 0
Dependency: jackson-databind:2.8.1 | Refl: 18 | Proxy: 0
Dependency: tomcat-jdbc:8.5.4 | Refl: 5 | Proxy: 0
Dependency: hibernate-core:5.0.9.Final | Refl: 350 | Proxy: 0
Dependency: jandex:2.0.0.Final | Refl: 1 | Proxy: 0
Dependency: dom4j:1.6.1 | Refl: 38 | Proxy: 0
Dependency: jackson-annotations:2.8.1 | Refl: 2 | Proxy: 0
Dependency: h2:1.4.192 | Refl: 19 | Proxy: 0
Dependency: slf4j-api:1.7.21 | Refl: 2 | Proxy: 0
Dependency: jcl-over-slf4j:1.7.21 | Refl: 1 | Proxy: 0

============================================================
PROJECT: spring-cloud-gateway | DATE: 2026-05-01 13:52:49
SUMMARY: 217 deps | CMV: 1666
------------------------------------------------------------
Dependency: logback-classic:1.5.32 | Refl: 97 | Proxy: 0
Dependency: logback-core:1.5.32 | Refl: 8 | Proxy: 0
Dependency: jackson-annotations:2.21 | Refl: 2 | Proxy: 0
Dependency: jackson-core:3.1.2 | Refl: 1 | Proxy: 0
Dependency: netty-transport:4.2.12.Final | Refl: 3 | Proxy: 0
Dependency: netty-transport-classes-epoll:4.2.12.Final | Refl: 27 | Proxy: 0
Dependency: netty-common:4.2.12.Final | Refl: 750 | Proxy: 0
Dependency: reactor-core:3.8.5 | Refl: 3 | Proxy: 0
Dependency: slf4j-api:2.0.17 | Refl: 2 | Proxy: 0
Dependency: jakarta.xml.bind-api:4.0.4 | Refl: 2 | Proxy: 0
Dependency: asm:9.7.1 | Refl: 4 | Proxy: 0
Dependency: commons-logging:1.3.6 | Refl: 7 | Proxy: 0
Dependency: HdrHistogram:2.2.2 | Refl: 12 | Proxy: 0
Dependency: LatencyUtils:2.0.3 | Refl: 3 | Proxy: 0
Dependency: spring-boot-configuration-processor:4.0.6 | Refl: 12 | Proxy: 0
Dependency: tomcat-embed-core:11.0.21 | Refl: 105 | Proxy: 0
Dependency: tomcat-embed-el:11.0.21 | Refl: 25 | Proxy: 0
Dependency: hibernate-validator:9.0.1.Final | Refl: 356 | Proxy: 0
Dependency: jboss-logging:3.6.3.Final | Refl: 12 | Proxy: 0
Dependency: classmate:1.7.3 | Refl: 2 | Proxy: 0
Dependency: spring-security-crypto:7.0.5 | Refl: 21 | Proxy: 0
Dependency: joda-time:2.12.7 | Refl: 3 | Proxy: 0
Dependency: kotlin-stdlib:2.2.21 | Refl: 1 | Proxy: 0
Dependency: kotlin-reflect:2.2.21 | Refl: 10 | Proxy: 0
Dependency: grpc-netty:1.77.0 | Refl: 2 | Proxy: 0
Dependency: grpc-core:1.77.0 | Refl: 1 | Proxy: 0
Dependency: grpc-context:1.77.0 | Refl: 1 | Proxy: 0
Dependency: protobuf-java-util:4.33.5 | Refl: 114 | Proxy: 0
Dependency: jackson-databind:2.21.2 | Refl: 18 | Proxy: 0
Dependency: caffeine:3.2.3 | Refl: 58 | Proxy: 0
Dependency: asm:9.9.1 | Refl: 4 | Proxy: 0

============================================================
PROJECT: serverless-graalvm-demo | DATE: 2026-05-10 12:38:52
SUMMARY: 69 deps | CMV: 176
------------------------------------------------------------
Dependency: jackson-databind:2.21.2 | Refl: 56 | Proxy: 0
Dependency: jackson-annotations:2.21 | Refl: 2 | Proxy: 0
Dependency: jackson-datatype-jsr310:2.21.2 | Refl: 4 | Proxy: 0
Dependency: joda-time:2.10.8 | Refl: 3 | Proxy: 0
Dependency: dynamodb:2.28.7 | Refl: 1 | Proxy: 0
Dependency: checksums:2.28.7 | Refl: 9 | Proxy: 0
Dependency: sdk-core:2.28.7 | Refl: 5 | Proxy: 0
Dependency: auth:2.28.7 | Refl: 22 | Proxy: 0
Dependency: utils:2.28.7 | Refl: 1 | Proxy: 0
Dependency: slf4j-simple:2.0.13 | Refl: 2 | Proxy: 0
Dependency: slf4j-api:2.0.13 | Refl: 2 | Proxy: 0
Dependency: httpclient:4.5.13 | Refl: 1 | Proxy: 0
Dependency: httpcore:4.4.13 | Refl: 3 | Proxy: 0
Dependency: commons-logging:1.2 | Refl: 7 | Proxy: 0
Dependency: jackson-databind:2.12.7.1 | Refl: 56 | Proxy: 0
Dependency: jackson-annotations:2.12.7 | Refl: 2 | Proxy: 0

============================================================
PROJECT: jnativehook | DATE: 2026-05-13 17:20:36
SUMMARY: 0 deps | CMV: 0
------------------------------------------------------------
No reachability metadata found for this topology.

============================================================
PROJECT: jnativehook | DATE: 2026-05-13 17:40:15
SUMMARY: 0 deps | CMV: 0
------------------------------------------------------------
No reachability metadata found for this topology.

============================================================
PROJECT: jnativehook | DATE: 2026-05-13 17:45:00
SUMMARY: 0 deps | CMV: 0
------------------------------------------------------------
No reachability metadata found for this topology.

============================================================
PROJECT: algo-struct | DATE: 2026-05-19 17:25:39
SUMMARY: 41 deps | CMV: 616
------------------------------------------------------------
Dependency: logback-classic:1.5.18 | Refl: 97 | Proxy: 0
Dependency: logback-core:1.5.18 | Refl: 18 | Proxy: 0
Dependency: snakeyaml:2.3 | Refl: 8 | Proxy: 0
Dependency: thymeleaf-spring6:3.1.3.RELEASE | Refl: 4 | Proxy: 0
Dependency: thymeleaf:3.1.3.RELEASE | Refl: 59 | Proxy: 0
Dependency: slf4j-api:2.0.17 | Refl: 2 | Proxy: 0
Dependency: jackson-databind:2.18.3 | Refl: 56 | Proxy: 0
Dependency: jackson-annotations:2.18.3 | Refl: 2 | Proxy: 0
Dependency: jackson-datatype-jdk8:2.18.3 | Refl: 2 | Proxy: 0
Dependency: jackson-datatype-jsr310:2.18.3 | Refl: 4 | Proxy: 0
Dependency: tomcat-embed-core:10.1.39 | Refl: 105 | Proxy: 0
Dependency: tomcat-embed-el:10.1.39 | Refl: 25 | Proxy: 0
Dependency: spring-aop:6.2.5 | Refl: 31 | Proxy: 0
Dependency: spring-context:6.2.5 | Refl: 154 | Proxy: 0
Dependency: spring-expression:6.2.5 | Refl: 47 | Proxy: 0
Dependency: spring-jcl:6.2.5 | Refl: 2 | Proxy: 0

============================================================
PROJECT: algo-struct | DATE: 2026-05-19 17:34:00
SUMMARY: 41 deps | CMV: 616
------------------------------------------------------------
Dependency: logback-classic:1.5.18 | Refl: 97 | Proxy: 0
Dependency: logback-core:1.5.18 | Refl: 18 | Proxy: 0
Dependency: snakeyaml:2.3 | Refl: 8 | Proxy: 0
Dependency: thymeleaf-spring6:3.1.3.RELEASE | Refl: 4 | Proxy: 0
Dependency: thymeleaf:3.1.3.RELEASE | Refl: 59 | Proxy: 0
Dependency: slf4j-api:2.0.17 | Refl: 2 | Proxy: 0
Dependency: jackson-databind:2.18.3 | Refl: 56 | Proxy: 0
Dependency: jackson-annotations:2.18.3 | Refl: 2 | Proxy: 0
Dependency: jackson-datatype-jdk8:2.18.3 | Refl: 2 | Proxy: 0
Dependency: jackson-datatype-jsr310:2.18.3 | Refl: 4 | Proxy: 0
Dependency: tomcat-embed-core:10.1.39 | Refl: 105 | Proxy: 0
Dependency: tomcat-embed-el:10.1.39 | Refl: 25 | Proxy: 0
Dependency: spring-aop:6.2.5 | Refl: 31 | Proxy: 0
Dependency: spring-context:6.2.5 | Refl: 154 | Proxy: 0
Dependency: spring-expression:6.2.5 | Refl: 47 | Proxy: 0
Dependency: spring-jcl:6.2.5 | Refl: 2 | Proxy: 0

============================================================
PROJECT: StockWise | DATE: 2026-05-19 17:58:42
SUMMARY: 103 deps | CMV: 2097
------------------------------------------------------------
Dependency: logback-classic:1.5.16 | Refl: 97 | Proxy: 0
Dependency: logback-core:1.5.16 | Refl: 18 | Proxy: 0
Dependency: snakeyaml:2.3 | Refl: 8 | Proxy: 0
Dependency: spring-boot-actuator-autoconfigure:3.4.3 | Refl: 7 | Proxy: 0
Dependency: jackson-databind:2.18.2 | Refl: 56 | Proxy: 0
Dependency: jackson-annotations:2.18.2 | Refl: 2 | Proxy: 0
Dependency: jackson-datatype-jsr310:2.18.2 | Refl: 4 | Proxy: 0
Dependency: HdrHistogram:2.2.2 | Refl: 12 | Proxy: 0
Dependency: LatencyUtils:2.0.3 | Refl: 3 | Proxy: 0
Dependency: HikariCP:5.1.0 | Refl: 12 | Proxy: 0
Dependency: hibernate-core:6.6.8.Final | Refl: 1214 | Proxy: 0
Dependency: jakarta.persistence-api:3.1.0 | Refl: 2 | Proxy: 0
Dependency: jboss-logging:3.6.1.Final | Refl: 12 | Proxy: 0
Dependency: hibernate-commons-annotations:7.0.3.Final | Refl: 3 | Proxy: 0
Dependency: classmate:1.7.0 | Refl: 2 | Proxy: 0
Dependency: spring-context:6.2.3 | Refl: 154 | Proxy: 0
Dependency: spring-aop:6.2.3 | Refl: 31 | Proxy: 0
Dependency: spring-tx:6.2.3 | Refl: 3 | Proxy: 0
Dependency: slf4j-api:2.0.16 | Refl: 2 | Proxy: 0
Dependency: spring-aspects:6.2.3 | Refl: 24 | Proxy: 0
Dependency: aspectjweaver:1.9.22.1 | Refl: 71 | Proxy: 0
Dependency: thymeleaf-spring6:3.1.3.RELEASE | Refl: 4 | Proxy: 0
Dependency: thymeleaf:3.1.3.RELEASE | Refl: 59 | Proxy: 0
Dependency: jackson-datatype-jdk8:2.18.2 | Refl: 2 | Proxy: 0
Dependency: tomcat-embed-core:10.1.36 | Refl: 105 | Proxy: 0
Dependency: tomcat-embed-el:10.1.36 | Refl: 25 | Proxy: 0
Dependency: spring-expression:6.2.3 | Refl: 47 | Proxy: 0
Dependency: postgresql:42.7.5 | Refl: 95 | Proxy: 0
Dependency: jakarta.xml.bind-api:4.0.2 | Refl: 4 | Proxy: 0
Dependency: spring-jcl:6.2.3 | Refl: 2 | Proxy: 0
Dependency: jaxb-runtime:4.0.5 | Refl: 10 | Proxy: 0
Dependency: jaxb-core:4.0.5 | Refl: 7 | Proxy: 0

============================================================
PROJECT: algo-struct | DATE: 2026-05-19 20:13:34
SUMMARY: 41 deps | CMV: 616
------------------------------------------------------------
Dependency: logback-classic:1.5.18 | Refl: 97 | Proxy: 0
Dependency: logback-core:1.5.18 | Refl: 18 | Proxy: 0
Dependency: snakeyaml:2.3 | Refl: 8 | Proxy: 0
Dependency: thymeleaf-spring6:3.1.3.RELEASE | Refl: 4 | Proxy: 0
Dependency: thymeleaf:3.1.3.RELEASE | Refl: 59 | Proxy: 0
Dependency: slf4j-api:2.0.17 | Refl: 2 | Proxy: 0
Dependency: jackson-databind:2.18.3 | Refl: 56 | Proxy: 0
Dependency: jackson-annotations:2.18.3 | Refl: 2 | Proxy: 0
Dependency: jackson-datatype-jdk8:2.18.3 | Refl: 2 | Proxy: 0
Dependency: jackson-datatype-jsr310:2.18.3 | Refl: 4 | Proxy: 0
Dependency: tomcat-embed-core:10.1.39 | Refl: 105 | Proxy: 0
Dependency: tomcat-embed-el:10.1.39 | Refl: 25 | Proxy: 0
Dependency: spring-aop:6.2.5 | Refl: 31 | Proxy: 0
Dependency: spring-context:6.2.5 | Refl: 154 | Proxy: 0
Dependency: spring-expression:6.2.5 | Refl: 47 | Proxy: 0
Dependency: spring-jcl:6.2.5 | Refl: 2 | Proxy: 0

============================================================
PROJECT: StockWise | DATE: 2026-05-20 12:19:21
SUMMARY: 103 deps | CMV: 2098
------------------------------------------------------------
Dependency: logback-classic:1.5.16 | Refl: 97 | Proxy: 0
Dependency: logback-core:1.5.16 | Refl: 18 | Proxy: 0
Dependency: snakeyaml:2.3 | Refl: 8 | Proxy: 0
Dependency: spring-boot-actuator-autoconfigure:3.4.3 | Refl: 7 | Proxy: 0
Dependency: jackson-databind:2.18.2 | Refl: 56 | Proxy: 0
Dependency: jackson-annotations:2.18.2 | Refl: 2 | Proxy: 0
Dependency: jackson-datatype-jsr310:2.18.2 | Refl: 4 | Proxy: 0
Dependency: HdrHistogram:2.2.2 | Refl: 12 | Proxy: 0
Dependency: LatencyUtils:2.0.3 | Refl: 3 | Proxy: 0
Dependency: HikariCP:5.1.0 | Refl: 12 | Proxy: 0
Dependency: hibernate-core:6.6.8.Final | Refl: 1214 | Proxy: 0
Dependency: jakarta.persistence-api:3.1.0 | Refl: 2 | Proxy: 0
Dependency: jboss-logging:3.6.1.Final | Refl: 12 | Proxy: 0
Dependency: hibernate-commons-annotations:7.0.3.Final | Refl: 3 | Proxy: 0
Dependency: classmate:1.7.0 | Refl: 2 | Proxy: 0
Dependency: spring-context:6.2.3 | Refl: 154 | Proxy: 0
Dependency: spring-aop:6.2.3 | Refl: 31 | Proxy: 0
Dependency: spring-tx:6.2.3 | Refl: 3 | Proxy: 0
Dependency: slf4j-api:2.0.16 | Refl: 2 | Proxy: 0
Dependency: spring-aspects:6.2.3 | Refl: 24 | Proxy: 0
Dependency: aspectjweaver:1.9.22.1 | Refl: 71 | Proxy: 0
Dependency: thymeleaf-spring6:3.1.3.RELEASE | Refl: 4 | Proxy: 0
Dependency: thymeleaf:3.1.3.RELEASE | Refl: 59 | Proxy: 0
Dependency: jackson-datatype-jdk8:2.18.2 | Refl: 2 | Proxy: 0
Dependency: tomcat-embed-core:10.1.36 | Refl: 105 | Proxy: 0
Dependency: tomcat-embed-el:10.1.36 | Refl: 25 | Proxy: 0
Dependency: spring-expression:6.2.3 | Refl: 48 | Proxy: 0
Dependency: postgresql:42.7.5 | Refl: 95 | Proxy: 0
Dependency: jakarta.xml.bind-api:4.0.2 | Refl: 4 | Proxy: 0
Dependency: spring-jcl:6.2.3 | Refl: 2 | Proxy: 0
Dependency: jaxb-runtime:4.0.5 | Refl: 10 | Proxy: 0
Dependency: jaxb-core:4.0.5 | Refl: 7 | Proxy: 0

============================================================
PROJECT: jnativehook | DATE: 2026-05-20 12:28:50
SUMMARY: 0 deps | CMV: 0
------------------------------------------------------------
No reachability metadata found for this topology.

============================================================
PROJECT: jnativehook | DATE: 2026-05-21 12:41:33
SUMMARY: 0 deps | CMV: 0
------------------------------------------------------------
No reachability metadata found for this topology.

============================================================
PROJECT: jnativehook | DATE: 2026-05-21 12:46:13
SUMMARY: 0 deps | CMV: 0
------------------------------------------------------------
No reachability metadata found for this topology.

============================================================
PROJECT: jnativehook | DATE: 2026-05-21 13:04:58
SUMMARY: 0 deps | CMV: 0
------------------------------------------------------------
No reachability metadata found for this topology.

============================================================
PROJECT: jnativehook | DATE: 2026-05-21 13:18:39
SUMMARY: 0 deps | CMV: 0
------------------------------------------------------------
No reachability metadata found for this topology.

============================================================
PROJECT: hawtjni | DATE: 2026-05-22 14:23:16
SUMMARY: 0 deps | CMV: 0
------------------------------------------------------------
No reachability metadata found for this topology.

============================================================
PROJECT: hawtjni | DATE: 2026-05-22 14:26:42
SUMMARY: 0 deps | CMV: 0
------------------------------------------------------------
No reachability metadata found for this topology.

============================================================
PROJECT: whisper-jni | DATE: 2026-05-22 14:28:57
SUMMARY: 0 deps | CMV: 0
------------------------------------------------------------
No reachability metadata found for this topology.

============================================================
PROJECT: whisper-jni | DATE: 2026-05-22 14:34:05
SUMMARY: 0 deps | CMV: 0
------------------------------------------------------------
No reachability metadata found for this topology.

============================================================
PROJECT: spring-native | DATE: 2026-05-22 14:48:44
SUMMARY: 518 deps | CMV: 5914
------------------------------------------------------------
Dependency: spring-jcl:5.3.24 | Refl: 2 | Proxy: 0
Dependency: tomcat-embed-core:9.0.70 | Refl: 202 | Proxy: 0
Dependency: spring-aop:5.3.24 | Refl: 29 | Proxy: 0
Dependency: spring-expression:5.3.24 | Refl: 47 | Proxy: 0
Dependency: jackson-databind:2.13.4.2 | Refl: 56 | Proxy: 0
Dependency: jackson-annotations:2.13.4 | Refl: 2 | Proxy: 0
Dependency: HdrHistogram:2.1.12 | Refl: 12 | Proxy: 0
Dependency: LatencyUtils:2.0.3 | Refl: 3 | Proxy: 0
Dependency: spring-boot-actuator-autoconfigure:2.7.7 | Refl: 7 | Proxy: 0
Dependency: jackson-datatype-jsr310:2.13.4 | Refl: 4 | Proxy: 0
Dependency: spring-context:5.3.24 | Refl: 154 | Proxy: 0
Dependency: spring-test:5.3.24 | Refl: 12 | Proxy: 0
Dependency: slf4j-api:1.7.36 | Refl: 2 | Proxy: 0
Dependency: logback-classic:1.2.11 | Refl: 42 | Proxy: 0
Dependency: logback-core:1.2.11 | Refl: 14 | Proxy: 0
Dependency: spring-tx:5.3.24 | Refl: 3 | Proxy: 0
Dependency: mongodb-driver-core:4.6.1 | Refl: 3 | Proxy: 0
Dependency: bson:4.6.1 | Refl: 3 | Proxy: 0
Dependency: h2:2.1.214 | Refl: 20 | Proxy: 0
Dependency: hibernate-validator:6.2.5.Final | Refl: 356 | Proxy: 0
Dependency: jboss-logging:3.4.3.Final | Refl: 12 | Proxy: 0
Dependency: classmate:1.5.1 | Refl: 2 | Proxy: 0
Dependency: hibernate-core:5.6.14.Final | Refl: 260 | Proxy: 0
Dependency: javax.persistence-api:2.2 | Refl: 2 | Proxy: 0
Dependency: antlr:2.7.7 | Refl: 15 | Proxy: 0
Dependency: jandex:2.4.2.Final | Refl: 1 | Proxy: 0
Dependency: javax.activation-api:1.2.0 | Refl: 1 | Proxy: 0
Dependency: hibernate-commons-annotations:5.1.2.Final | Refl: 3 | Proxy: 0
Dependency: jaxb-runtime:2.3.7 | Refl: 10 | Proxy: 0
Dependency: jakarta.xml.bind-api:2.3.3 | Refl: 4 | Proxy: 0
Dependency: jakarta.activation:1.2.2 | Refl: 1 | Proxy: 0
Dependency: httpclient:4.5.14 | Refl: 1 | Proxy: 0
Dependency: httpcore:4.4.16 | Refl: 3 | Proxy: 0
Dependency: opentest4j:1.2.0 | Refl: 1 | Proxy: 0
Dependency: junit-platform-commons:1.8.2 | Refl: 7 | Proxy: 0
Dependency: commons-compress:1.21 | Refl: 14 | Proxy: 0
Dependency: picocli:4.6.1 | Refl: 4 | Proxy: 0
Dependency: asm:9.2 | Refl: 4 | Proxy: 0
Dependency: kafka-clients:3.1.2 | Refl: 116 | Proxy: 0
Dependency: zstd-jni:1.5.0-4 | Refl: 15 | Proxy: 0
Dependency: lz4-java:1.8.0 | Refl: 24 | Proxy: 0
Dependency: kafka-streams:3.1.2 | Refl: 51 | Proxy: 0
Dependency: rocksdbjni:6.22.1.1 | Refl: 4 | Proxy: 0
Dependency: avro:1.9.2 | Refl: 31 | Proxy: 0
Dependency: spring-cloud-function-context:3.2.5 | Refl: 32 | Proxy: 0
Dependency: javax.servlet-api:4.0.1 | Refl: 1 | Proxy: 0
Dependency: spring-cloud-context:3.1.3 | Refl: 14 | Proxy: 0
Dependency: spring-security-crypto:5.7.6 | Refl: 20 | Proxy: 0
Dependency: json-smart:2.4.8 | Refl: 9 | Proxy: 0
Dependency: spring-webflux:5.3.24 | Refl: 83 | Proxy: 0
Dependency: reactor-core:3.4.26 | Refl: 3 | Proxy: 0
Dependency: snakeyaml:1.30 | Refl: 8 | Proxy: 0
Dependency: kotlin-stdlib:1.6.21 | Refl: 1 | Proxy: 0
Dependency: quartz:2.3.2 | Refl: 8 | Proxy: 0
Dependency: mchange-commons-java:0.2.15 | Refl: 125 | Proxy: 0
Dependency: commons-compress:1.19 | Refl: 14 | Proxy: 0
Dependency: spring-integration-kafka:5.5.16 | Refl: 4 | Proxy: 0
Dependency: spring-cloud-stream:3.2.4 | Refl: 42 | Proxy: 0
Dependency: spring-integration-jmx:5.5.16 | Refl: 8 | Proxy: 0
Dependency: lucene-core:8.11.1 | Refl: 24 | Proxy: 0
Dependency: joda-time:2.10.10 | Refl: 3 | Proxy: 0
Dependency: jna:5.10.0 | Refl: 50 | Proxy: 0
Dependency: jackson-datatype-jdk8:2.13.4 | Refl: 2 | Proxy: 0
Dependency: postgresql:42.3.8 | Refl: 95 | Proxy: 0
Dependency: netty-resolver-dns-classes-macos:4.1.86.Final | Refl: 12 | Proxy: 0
Dependency: netty-transport-native-epoll:4.1.86.Final | Refl: 13 | Proxy: 0
Dependency: netty-transport-native-unix-common:4.1.86.Final | Refl: 26 | Proxy: 0
Dependency: netty-transport-classes-epoll:4.1.86.Final | Refl: 27 | Proxy: 0
Dependency: netty-handler-proxy:4.1.86.Final | Refl: 25 | Proxy: 0
Dependency: netty-codec-socks:4.1.86.Final | Refl: 6 | Proxy: 0
Dependency: netty-transport:4.1.86.Final | Refl: 3 | Proxy: 0
Dependency: netty-common:4.1.86.Final | Refl: 750 | Proxy: 0
Dependency: spring-rabbit:2.4.8 | Refl: 53 | Proxy: 0
Dependency: spring-amqp:2.4.8 | Refl: 5 | Proxy: 0
Dependency: amqp-client:5.14.2 | Refl: 21 | Proxy: 0
Dependency: spring-aspects:5.3.24 | Refl: 24 | Proxy: 0
Dependency: aspectjweaver:1.9.7 | Refl: 71 | Proxy: 0
Dependency: HikariCP:4.0.3 | Refl: 9 | Proxy: 0
Dependency: thymeleaf:3.0.15.RELEASE | Refl: 90 | Proxy: 0
Dependency: ognl:3.1.26 | Refl: 19 | Proxy: 0
Dependency: mysql-connector-j:8.0.31 | Refl: 24 | Proxy: 0
Dependency: mariadb-java-client:3.0.9 | Refl: 3 | Proxy: 0
Dependency: tomcat-embed-el:9.0.70 | Refl: 25 | Proxy: 0
Dependency: bcpkix-jdk15on:1.68 | Refl: 90 | Proxy: 0
Dependency: org.eclipse.jgit:5.12.0.202106070339-r | Refl: 16 | Proxy: 0
Dependency: jackson-dataformat-yaml:2.13.4 | Refl: 2 | Proxy: 0
Dependency: antlr-runtime:3.4 | Refl: 1 | Proxy: 0
Dependency: commons-math:2.2 | Refl: 10 | Proxy: 0
Dependency: commons-configuration:1.10 | Refl: 24 | Proxy: 0
Dependency: commons-lang:2.6 | Refl: 9 | Proxy: 0
Dependency: jettison:1.4.0 | Refl: 2 | Proxy: 0
Dependency: aspectjrt:1.9.7 | Refl: 21 | Proxy: 0
Dependency: protobuf-java:3.19.6 | Refl: 15 | Proxy: 0
Dependency: kotlin-reflect:1.6.21 | Refl: 10 | Proxy: 0
Dependency: jakarta.mail:1.6.7 | Refl: 8 | Proxy: 0
Dependency: lettuce-core:6.1.10.RELEASE | Refl: 97 | Proxy: 0
Dependency: ehcache:3.10.8 | Refl: 534 | Proxy: 0
Dependency: hazelcast:5.1.5 | Refl: 597 | Proxy: 0
Dependency: rxjava:3.0.4 | Refl: 6 | Proxy: 0
Dependency: caffeine:2.9.3 | Refl: 39 | Proxy: 0
Dependency: websocket-common:9.4.50.v20221201 | Refl: 5 | Proxy: 0
Dependency: jetty-util:9.4.50.v20221201 | Refl: 2 | Proxy: 0
Dependency: jetty-io:9.4.50.v20221201 | Refl: 5 | Proxy: 0
Dependency: websocket-client:9.4.50.v20221201 | Refl: 4 | Proxy: 0
Dependency: jetty-client:9.4.50.v20221201 | Refl: 49 | Proxy: 0
Dependency: jetty-servlet:9.4.50.v20221201 | Refl: 16 | Proxy: 0
Dependency: jetty-security:9.4.50.v20221201 | Refl: 4 | Proxy: 0
Dependency: jetty-server:9.4.50.v20221201 | Refl: 33 | Proxy: 0
Dependency: jetty-util-ajax:9.4.50.v20221201 | Refl: 7 | Proxy: 0
Dependency: jetty-http:9.4.50.v20221201 | Refl: 5 | Proxy: 0
Dependency: undertow-core:2.2.22.Final | Refl: 64 | Proxy: 0
Dependency: wildfly-client-config:1.0.1.Final | Refl: 4 | Proxy: 0
Dependency: jboss-threads:3.1.0.Final | Refl: 3 | Proxy: 0
Dependency: commons-pool2:2.11.1 | Refl: 1 | Proxy: 0
Dependency: commons-io:2.11.0 | Refl: 4 | Proxy: 0
Dependency: okhttp:4.9.3 | Refl: 7 | Proxy: 0
Dependency: okio:2.8.0 | Refl: 1 | Proxy: 0
Dependency: consul-api:1.4.5 | Refl: 111 | Proxy: 0
Dependency: gson:2.9.1 | Refl: 2 | Proxy: 0
Dependency: netty-incubator-codec-classes-quic:0.0.34.Final | Refl: 23 | Proxy: 0
Dependency: junit:4.13.2 | Refl: 1 | Proxy: 0
Dependency: guava:30.1.1-android | Refl: 71 | Proxy: 0
Dependency: netty-codec:4.1.86.Final | Refl: 11 | Proxy: 0
Dependency: netty-codec-dns:4.1.86.Final | Refl: 15 | Proxy: 0
Dependency: guava:20.0 | Refl: 71 | Proxy: 0
Dependency: maven-resolver-impl:1.0.3 | Refl: 1 | Proxy: 0
Dependency: maven-resolver-api:1.0.3 | Refl: 1 | Proxy: 0
Dependency: maven-resolver-util:1.0.3 | Refl: 3 | Proxy: 0
Dependency: commons-io:2.5 | Refl: 4 | Proxy: 0
Dependency: plexus-classworlds:2.5.2 | Refl: 3 | Proxy: 0
Dependency: plexus-cipher:1.4 | Refl: 2 | Proxy: 0
Dependency: commons-lang3:3.12.0 | Refl: 28 | Proxy: 0
Dependency: maven-model:3.5.0 | Refl: 1 | Proxy: 0
Dependency: plexus-utils:2.1 | Refl: 27 | Proxy: 0
Dependency: plexus-build-api:0.0.7 | Refl: 46 | Proxy: 0
Dependency: maven-plugin-api:3.3.9 | Refl: 2 | Proxy: 0
Dependency: maven-artifact:3.3.9 | Refl: 14 | Proxy: 0
Dependency: org.eclipse.sisu.inject:0.3.2 | Refl: 61 | Proxy: 0
Dependency: maven-project:2.2.1 | Refl: 11 | Proxy: 0
Dependency: maven-profile:2.2.1 | Refl: 2 | Proxy: 0
Dependency: maven-artifact-manager:2.2.1 | Refl: 2 | Proxy: 0
Dependency: wagon-provider-api:1.0-beta-6 | Refl: 3 | Proxy: 0
Dependency: backport-util-concurrent:3.1 | Refl: 74 | Proxy: 0
Dependency: plexus-container-default:1.0-alpha-9-stable-1 | Refl: 118 | Proxy: 0
Dependency: guava:29.0-jre | Refl: 71 | Proxy: 0
Dependency: jna:5.6.0 | Refl: 50 | Proxy: 0
Dependency: kotlin-scripting-common:1.6.21 | Refl: 21 | Proxy: 0
Dependency: kotlin-scripting-jvm:1.6.21 | Refl: 8 | Proxy: 0
Dependency: jna:5.7.0 | Refl: 50 | Proxy: 0

============================================================
PROJECT: whisper-jni | DATE: 2026-05-22 14:48:59
SUMMARY: 0 deps | CMV: 0
------------------------------------------------------------
No reachability metadata found for this topology.

============================================================
PROJECT: jni-faiss | DATE: 2026-05-22 14:55:20
SUMMARY: 0 deps | CMV: 0
------------------------------------------------------------
No reachability metadata found for this topology.

============================================================
PROJECT: algo-struct | DATE: 2026-05-22 14:57:37
SUMMARY: 41 deps | CMV: 613
------------------------------------------------------------
Dependency: logback-classic:1.5.18 | Refl: 97 | Proxy: 0
Dependency: logback-core:1.5.18 | Refl: 14 | Proxy: 0
Dependency: snakeyaml:2.3 | Refl: 8 | Proxy: 0
Dependency: thymeleaf-spring6:3.1.3.RELEASE | Refl: 4 | Proxy: 0
Dependency: thymeleaf:3.1.3.RELEASE | Refl: 59 | Proxy: 0
Dependency: slf4j-api:2.0.17 | Refl: 2 | Proxy: 0
Dependency: jackson-databind:2.18.3 | Refl: 56 | Proxy: 0
Dependency: jackson-annotations:2.18.3 | Refl: 2 | Proxy: 0
Dependency: jackson-datatype-jdk8:2.18.3 | Refl: 2 | Proxy: 0
Dependency: jackson-datatype-jsr310:2.18.3 | Refl: 4 | Proxy: 0
Dependency: tomcat-embed-core:10.1.39 | Refl: 105 | Proxy: 0
Dependency: tomcat-embed-el:10.1.39 | Refl: 25 | Proxy: 0
Dependency: spring-aop:6.2.5 | Refl: 31 | Proxy: 0
Dependency: spring-context:6.2.5 | Refl: 154 | Proxy: 0
Dependency: spring-expression:6.2.5 | Refl: 48 | Proxy: 0
Dependency: spring-jcl:6.2.5 | Refl: 2 | Proxy: 0

============================================================
PROJECT: algo-struct | DATE: 2026-05-22 14:58:14
SUMMARY: 41 deps | CMV: 613
------------------------------------------------------------
Dependency: logback-classic:1.5.18 | Refl: 97 | Proxy: 0
Dependency: logback-core:1.5.18 | Refl: 14 | Proxy: 0
Dependency: snakeyaml:2.3 | Refl: 8 | Proxy: 0
Dependency: thymeleaf-spring6:3.1.3.RELEASE | Refl: 4 | Proxy: 0
Dependency: thymeleaf:3.1.3.RELEASE | Refl: 59 | Proxy: 0
Dependency: slf4j-api:2.0.17 | Refl: 2 | Proxy: 0
Dependency: jackson-databind:2.18.3 | Refl: 56 | Proxy: 0
Dependency: jackson-annotations:2.18.3 | Refl: 2 | Proxy: 0
Dependency: jackson-datatype-jdk8:2.18.3 | Refl: 2 | Proxy: 0
Dependency: jackson-datatype-jsr310:2.18.3 | Refl: 4 | Proxy: 0
Dependency: tomcat-embed-core:10.1.39 | Refl: 105 | Proxy: 0
Dependency: tomcat-embed-el:10.1.39 | Refl: 25 | Proxy: 0
Dependency: spring-aop:6.2.5 | Refl: 31 | Proxy: 0
Dependency: spring-context:6.2.5 | Refl: 154 | Proxy: 0
Dependency: spring-expression:6.2.5 | Refl: 48 | Proxy: 0
Dependency: spring-jcl:6.2.5 | Refl: 2 | Proxy: 0

============================================================
PROJECT: jni-faiss | DATE: 2026-05-22 14:58:45
SUMMARY: 0 deps | CMV: 0
------------------------------------------------------------
No reachability metadata found for this topology.

============================================================
PROJECT: piggymetrics | DATE: 2026-05-22 15:06:01
SUMMARY: 247 deps | CMV: 2792
------------------------------------------------------------
Dependency: spring-cloud-context:2.0.0.RELEASE | Refl: 14 | Proxy: 0
Dependency: jackson-annotations:2.9.0 | Refl: 2 | Proxy: 0
Dependency: jackson-databind:2.9.6 | Refl: 56 | Proxy: 0
Dependency: spring-boot-actuator-autoconfigure:2.0.3.RELEASE | Refl: 7 | Proxy: 0
Dependency: jackson-datatype-jsr310:2.9.6 | Refl: 4 | Proxy: 0
Dependency: HdrHistogram:2.1.10 | Refl: 12 | Proxy: 0
Dependency: LatencyUtils:2.0.3 | Refl: 3 | Proxy: 0
Dependency: jackson-datatype-jdk8:2.9.6 | Refl: 2 | Proxy: 0
Dependency: tomcat-embed-core:8.5.31 | Refl: 202 | Proxy: 0
Dependency: tomcat-embed-el:8.5.31 | Refl: 25 | Proxy: 0
Dependency: hibernate-validator:6.0.10.Final | Refl: 356 | Proxy: 0
Dependency: validation-api:2.0.1.Final | Refl: 2 | Proxy: 0
Dependency: jboss-logging:3.3.2.Final | Refl: 12 | Proxy: 0
Dependency: classmate:1.3.4 | Refl: 2 | Proxy: 0
Dependency: spring-security-crypto:5.0.6.RELEASE | Refl: 21 | Proxy: 0
Dependency: bcpkix-jdk15on:1.56 | Refl: 90 | Proxy: 0
Dependency: org.eclipse.jgit:4.11.0.201803080745-r | Refl: 16 | Proxy: 0
Dependency: httpclient:4.5.5 | Refl: 2 | Proxy: 0
Dependency: slf4j-api:1.7.25 | Refl: 2 | Proxy: 0
Dependency: httpcore:4.4.9 | Refl: 3 | Proxy: 0
Dependency: snakeyaml:1.19 | Refl: 8 | Proxy: 0
Dependency: logback-classic:1.2.3 | Refl: 112 | Proxy: 0
Dependency: logback-core:1.2.3 | Refl: 14 | Proxy: 0
Dependency: spring-jcl:5.0.7.RELEASE | Refl: 2 | Proxy: 0
Dependency: spring-aop:5.0.7.RELEASE | Refl: 31 | Proxy: 0
Dependency: spring-context:5.0.7.RELEASE | Refl: 154 | Proxy: 0
Dependency: spring-expression:5.0.7.RELEASE | Refl: 48 | Proxy: 0
Dependency: freemarker:2.3.28 | Refl: 4 | Proxy: 0
Dependency: aspectjweaver:1.8.13 | Refl: 71 | Proxy: 0
Dependency: HdrHistogram:2.1.9 | Refl: 12 | Proxy: 0
Dependency: guava:16.0 | Refl: 71 | Proxy: 0
Dependency: commons-configuration:1.8 | Refl: 24 | Proxy: 0
Dependency: commons-lang:2.6 | Refl: 9 | Proxy: 0
Dependency: asm:5.0.4 | Refl: 4 | Proxy: 0
Dependency: objenesis:2.6 | Refl: 1 | Proxy: 0
Dependency: jettison:1.3.7 | Refl: 2 | Proxy: 0
Dependency: joda-time:2.9.9 | Refl: 3 | Proxy: 0
Dependency: antlr-runtime:3.4 | Refl: 1 | Proxy: 0
Dependency: antlr:2.7.7 | Refl: 15 | Proxy: 0
Dependency: gson:2.8.5 | Refl: 2 | Proxy: 0
Dependency: commons-math:2.2 | Refl: 10 | Proxy: 0
Dependency: jersey-servlet:1.19.1 | Refl: 59 | Proxy: 0
Dependency: netty-codec:4.1.25.Final | Refl: 11 | Proxy: 0
Dependency: netty-transport-native-epoll:4.1.25.Final | Refl: 13 | Proxy: 0
Dependency: netty-common:4.1.25.Final | Refl: 750 | Proxy: 0
Dependency: netty-transport-native-unix-common:4.1.25.Final | Refl: 26 | Proxy: 0
Dependency: netty-transport:4.1.25.Final | Refl: 3 | Proxy: 0
Dependency: netty-resolver:4.1.25.Final | Refl: 7 | Proxy: 0
Dependency: commons-lang3:3.7 | Refl: 28 | Proxy: 0
Dependency: guava:15.0 | Refl: 71 | Proxy: 0
Dependency: commons-io:2.4 | Refl: 4 | Proxy: 0
Dependency: aspectjrt:1.8.13 | Refl: 21 | Proxy: 0
Dependency: zipkin-reporter:2.7.3 | Refl: 2 | Proxy: 0
Dependency: bson:3.6.4 | Refl: 3 | Proxy: 0
Dependency: mongodb-driver-core:3.6.4 | Refl: 3 | Proxy: 0
Dependency: spring-tx:5.0.7.RELEASE | Refl: 6 | Proxy: 0
Dependency: jackson-mapper-asl:1.9.13 | Refl: 6 | Proxy: 0
Dependency: spring-cloud-stream-binder-rabbit:2.0.0.RELEASE | Refl: 1 | Proxy: 0
Dependency: spring-cloud-stream-binder-rabbit-core:2.0.0.RELEASE | Refl: 10 | Proxy: 0
Dependency: spring-rabbit:2.0.4.RELEASE | Refl: 53 | Proxy: 0
Dependency: spring-amqp:2.0.4.RELEASE | Refl: 5 | Proxy: 0
Dependency: amqp-client:5.1.2 | Refl: 21 | Proxy: 0
Dependency: reactor-core:3.1.8.RELEASE | Refl: 3 | Proxy: 0
Dependency: spring-cloud-stream:2.0.0.RELEASE | Refl: 42 | Proxy: 0
Dependency: spring-integration-jmx:5.0.6.RELEASE | Refl: 8 | Proxy: 0
Dependency: guava:19.0 | Refl: 71 | Proxy: 0
Dependency: activation:1.1 | Refl: 1 | Proxy: 0
Dependency: netty-handler-proxy:4.1.25.Final | Refl: 25 | Proxy: 0
Dependency: netty-codec-socks:4.1.25.Final | Refl: 6 | Proxy: 0
Dependency: netty-transport-native-epoll:4.1.25.Final | Refl: 13 | Proxy: 0
Dependency: spring-webflux:5.0.7.RELEASE | Refl: 83 | Proxy: 0
Dependency: jackson-mapper-asl:1.9.2 | Refl: 6 | Proxy: 0

============================================================
PROJECT: jni-faiss | DATE: 2026-05-22 15:07:44
SUMMARY: 0 deps | CMV: 0
------------------------------------------------------------
No reachability metadata found for this topology.

============================================================
PROJECT: jni-faiss | DATE: 2026-05-22 15:18:02
SUMMARY: 0 deps | CMV: 0
------------------------------------------------------------
No reachability metadata found for this topology.

============================================================
PROJECT: algo-struct | DATE: 2026-05-22 15:34:43
SUMMARY: 41 deps | CMV: 613
------------------------------------------------------------
Dependency: logback-classic:1.5.18 | Refl: 97 | Proxy: 0
Dependency: logback-core:1.5.18 | Refl: 14 | Proxy: 0
Dependency: snakeyaml:2.3 | Refl: 8 | Proxy: 0
Dependency: thymeleaf-spring6:3.1.3.RELEASE | Refl: 4 | Proxy: 0
Dependency: thymeleaf:3.1.3.RELEASE | Refl: 59 | Proxy: 0
Dependency: slf4j-api:2.0.17 | Refl: 2 | Proxy: 0
Dependency: jackson-databind:2.18.3 | Refl: 56 | Proxy: 0
Dependency: jackson-annotations:2.18.3 | Refl: 2 | Proxy: 0
Dependency: jackson-datatype-jdk8:2.18.3 | Refl: 2 | Proxy: 0
Dependency: jackson-datatype-jsr310:2.18.3 | Refl: 4 | Proxy: 0
Dependency: tomcat-embed-core:10.1.39 | Refl: 105 | Proxy: 0
Dependency: tomcat-embed-el:10.1.39 | Refl: 25 | Proxy: 0
Dependency: spring-aop:6.2.5 | Refl: 31 | Proxy: 0
Dependency: spring-context:6.2.5 | Refl: 154 | Proxy: 0
Dependency: spring-expression:6.2.5 | Refl: 48 | Proxy: 0
Dependency: spring-jcl:6.2.5 | Refl: 2 | Proxy: 0

============================================================
PROJECT: algorithms-api-java | DATE: 2026-05-22 15:34:52
SUMMARY: 41 deps | CMV: 920
------------------------------------------------------------
Dependency: logback-classic:1.5.18 | Refl: 97 | Proxy: 0
Dependency: logback-core:1.5.18 | Refl: 14 | Proxy: 0
Dependency: snakeyaml:2.4 | Refl: 8 | Proxy: 0
Dependency: jackson-databind:2.19.1 | Refl: 56 | Proxy: 0
Dependency: jackson-annotations:2.19.1 | Refl: 2 | Proxy: 0
Dependency: jackson-datatype-jdk8:2.19.1 | Refl: 2 | Proxy: 0
Dependency: jackson-datatype-jsr310:2.19.1 | Refl: 4 | Proxy: 0
Dependency: tomcat-embed-core:10.1.42 | Refl: 105 | Proxy: 0
Dependency: spring-aop:6.2.8 | Refl: 31 | Proxy: 0
Dependency: spring-context:6.2.8 | Refl: 154 | Proxy: 0
Dependency: spring-expression:6.2.8 | Refl: 48 | Proxy: 0
Dependency: tomcat-embed-el:10.1.42 | Refl: 25 | Proxy: 0
Dependency: hibernate-validator:8.0.2.Final | Refl: 356 | Proxy: 0
Dependency: jboss-logging:3.6.1.Final | Refl: 12 | Proxy: 0
Dependency: classmate:1.7.0 | Refl: 2 | Proxy: 0
Dependency: slf4j-api:2.0.17 | Refl: 2 | Proxy: 0
Dependency: spring-jcl:6.2.8 | Refl: 2 | Proxy: 0

============================================================
PROJECT: StockWise | DATE: 2026-05-22 15:35:24
SUMMARY: 103 deps | CMV: 2112
------------------------------------------------------------
Dependency: logback-classic:1.5.16 | Refl: 97 | Proxy: 0
Dependency: logback-core:1.5.16 | Refl: 14 | Proxy: 0
Dependency: snakeyaml:2.3 | Refl: 8 | Proxy: 0
Dependency: spring-boot-actuator-autoconfigure:3.4.3 | Refl: 7 | Proxy: 0
Dependency: jackson-databind:2.18.2 | Refl: 56 | Proxy: 0
Dependency: jackson-annotations:2.18.2 | Refl: 2 | Proxy: 0
Dependency: jackson-datatype-jsr310:2.18.2 | Refl: 4 | Proxy: 0
Dependency: HdrHistogram:2.2.2 | Refl: 12 | Proxy: 0
Dependency: LatencyUtils:2.0.3 | Refl: 3 | Proxy: 0
Dependency: HikariCP:5.1.0 | Refl: 12 | Proxy: 0
Dependency: hibernate-core:6.6.8.Final | Refl: 1229 | Proxy: 0
Dependency: jakarta.persistence-api:3.1.0 | Refl: 2 | Proxy: 0
Dependency: jboss-logging:3.6.1.Final | Refl: 12 | Proxy: 0
Dependency: hibernate-commons-annotations:7.0.3.Final | Refl: 3 | Proxy: 0
Dependency: classmate:1.7.0 | Refl: 2 | Proxy: 0
Dependency: spring-context:6.2.3 | Refl: 154 | Proxy: 0
Dependency: spring-aop:6.2.3 | Refl: 31 | Proxy: 0
Dependency: spring-tx:6.2.3 | Refl: 6 | Proxy: 0
Dependency: slf4j-api:2.0.16 | Refl: 2 | Proxy: 0
Dependency: spring-aspects:6.2.3 | Refl: 24 | Proxy: 0
Dependency: aspectjweaver:1.9.22.1 | Refl: 71 | Proxy: 0
Dependency: thymeleaf-spring6:3.1.3.RELEASE | Refl: 4 | Proxy: 0
Dependency: thymeleaf:3.1.3.RELEASE | Refl: 59 | Proxy: 0
Dependency: jackson-datatype-jdk8:2.18.2 | Refl: 2 | Proxy: 0
Dependency: tomcat-embed-core:10.1.36 | Refl: 105 | Proxy: 0
Dependency: tomcat-embed-el:10.1.36 | Refl: 25 | Proxy: 0
Dependency: spring-expression:6.2.3 | Refl: 48 | Proxy: 0
Dependency: postgresql:42.7.5 | Refl: 95 | Proxy: 0
Dependency: jakarta.xml.bind-api:4.0.2 | Refl: 4 | Proxy: 0
Dependency: spring-jcl:6.2.3 | Refl: 2 | Proxy: 0
Dependency: jaxb-runtime:4.0.5 | Refl: 10 | Proxy: 0
Dependency: jaxb-core:4.0.5 | Refl: 7 | Proxy: 0

============================================================
PROJECT: sale-service | DATE: 2026-05-22 15:36:01
SUMMARY: 126 deps | CMV: 2575
------------------------------------------------------------
Dependency: logback-classic:1.5.11 | Refl: 97 | Proxy: 0
Dependency: logback-core:1.5.11 | Refl: 14 | Proxy: 0
Dependency: snakeyaml:2.2 | Refl: 8 | Proxy: 0
Dependency: spring-boot-actuator-autoconfigure:3.3.5 | Refl: 7 | Proxy: 0
Dependency: jackson-databind:2.17.2 | Refl: 56 | Proxy: 0
Dependency: jackson-annotations:2.17.2 | Refl: 2 | Proxy: 0
Dependency: jackson-datatype-jsr310:2.17.2 | Refl: 4 | Proxy: 0
Dependency: HdrHistogram:2.2.2 | Refl: 12 | Proxy: 0
Dependency: LatencyUtils:2.0.3 | Refl: 3 | Proxy: 0
Dependency: spring-aop:6.1.14 | Refl: 31 | Proxy: 0
Dependency: aspectjweaver:1.9.22.1 | Refl: 71 | Proxy: 0
Dependency: HikariCP:5.1.0 | Refl: 12 | Proxy: 0
Dependency: hibernate-core:6.5.3.Final | Refl: 1229 | Proxy: 0
Dependency: jakarta.persistence-api:3.1.0 | Refl: 2 | Proxy: 0
Dependency: jboss-logging:3.5.3.Final | Refl: 12 | Proxy: 0
Dependency: hibernate-commons-annotations:6.0.6.Final | Refl: 3 | Proxy: 0
Dependency: classmate:1.7.0 | Refl: 2 | Proxy: 0
Dependency: jaxb-runtime:4.0.5 | Refl: 10 | Proxy: 0
Dependency: jaxb-core:4.0.5 | Refl: 7 | Proxy: 0
Dependency: spring-context:6.1.14 | Refl: 154 | Proxy: 0
Dependency: spring-tx:6.1.14 | Refl: 6 | Proxy: 0
Dependency: spring-aspects:6.1.14 | Refl: 24 | Proxy: 0
Dependency: tomcat-embed-el:10.1.31 | Refl: 25 | Proxy: 0
Dependency: hibernate-validator:8.0.1.Final | Refl: 356 | Proxy: 0
Dependency: jackson-datatype-jdk8:2.17.2 | Refl: 2 | Proxy: 0
Dependency: tomcat-embed-core:10.1.31 | Refl: 105 | Proxy: 0
Dependency: spring-expression:6.1.14 | Refl: 47 | Proxy: 0
Dependency: postgresql:42.7.4 | Refl: 95 | Proxy: 0
Dependency: jakarta.xml.bind-api:4.0.2 | Refl: 4 | Proxy: 0
Dependency: spring-jcl:6.1.14 | Refl: 2 | Proxy: 0
Dependency: spring-cloud-context:4.1.4 | Refl: 14 | Proxy: 0
Dependency: commons-fileupload:1.5 | Refl: 1 | Proxy: 0
Dependency: commons-io:2.11.0 | Refl: 4 | Proxy: 0
Dependency: spring-security-crypto:6.3.4 | Refl: 20 | Proxy: 0
Dependency: resilience4j-core:2.1.0 | Refl: 1 | Proxy: 0
Dependency: resilience4j-spring6:2.1.0 | Refl: 2 | Proxy: 0
Dependency: resilience4j-circularbuffer:2.1.0 | Refl: 1 | Proxy: 0
Dependency: slf4j-api:2.0.16 | Refl: 2 | Proxy: 0
Dependency: junit:4.13.2 | Refl: 1 | Proxy: 0
Dependency: consul-api:1.4.5 | Refl: 111 | Proxy: 0
Dependency: gson:2.10.1 | Refl: 2 | Proxy: 0
Dependency: httpclient:4.5.14 | Refl: 1 | Proxy: 0
Dependency: commons-logging:1.2 | Refl: 7 | Proxy: 0
Dependency: httpcore:4.4.16 | Refl: 3 | Proxy: 0
Dependency: reactor-core:3.6.11 | Refl: 3 | Proxy: 0

============================================================
PROJECT: mini-erp | DATE: 2026-05-22 15:36:20
SUMMARY: 83 deps | CMV: 2495
------------------------------------------------------------
Dependency: logback-classic:1.5.18 | Refl: 97 | Proxy: 0
Dependency: logback-core:1.5.18 | Refl: 14 | Proxy: 0
Dependency: snakeyaml:2.4 | Refl: 8 | Proxy: 0
Dependency: spring-boot-actuator-autoconfigure:3.5.6 | Refl: 7 | Proxy: 0
Dependency: jackson-databind:2.19.2 | Refl: 56 | Proxy: 0
Dependency: jackson-annotations:2.19.2 | Refl: 2 | Proxy: 0
Dependency: jackson-datatype-jsr310:2.19.2 | Refl: 4 | Proxy: 0
Dependency: HdrHistogram:2.2.2 | Refl: 12 | Proxy: 0
Dependency: LatencyUtils:2.0.3 | Refl: 3 | Proxy: 0
Dependency: HikariCP:6.3.3 | Refl: 18 | Proxy: 0
Dependency: hibernate-core:6.6.29.Final | Refl: 1229 | Proxy: 0
Dependency: jakarta.persistence-api:3.1.0 | Refl: 2 | Proxy: 0
Dependency: jboss-logging:3.6.1.Final | Refl: 12 | Proxy: 0
Dependency: hibernate-commons-annotations:7.0.3.Final | Refl: 3 | Proxy: 0
Dependency: classmate:1.7.0 | Refl: 2 | Proxy: 0
Dependency: jaxb-runtime:4.0.5 | Refl: 10 | Proxy: 0
Dependency: jaxb-core:4.0.5 | Refl: 7 | Proxy: 0
Dependency: spring-context:6.2.11 | Refl: 154 | Proxy: 0
Dependency: spring-tx:6.2.11 | Refl: 6 | Proxy: 0
Dependency: slf4j-api:2.0.17 | Refl: 2 | Proxy: 0
Dependency: spring-aspects:6.2.11 | Refl: 24 | Proxy: 0
Dependency: aspectjweaver:1.9.24 | Refl: 71 | Proxy: 0
Dependency: thymeleaf-spring6:3.1.3.RELEASE | Refl: 4 | Proxy: 0
Dependency: thymeleaf:3.1.3.RELEASE | Refl: 59 | Proxy: 0
Dependency: jackson-datatype-jdk8:2.19.2 | Refl: 2 | Proxy: 0
Dependency: tomcat-embed-core:10.1.46 | Refl: 105 | Proxy: 0
Dependency: spring-expression:6.2.11 | Refl: 48 | Proxy: 0
Dependency: postgresql:42.7.7 | Refl: 95 | Proxy: 0
Dependency: jakarta.xml.bind-api:4.0.2 | Refl: 4 | Proxy: 0
Dependency: spring-jcl:6.2.11 | Refl: 2 | Proxy: 0
Dependency: spring-aop:6.2.11 | Refl: 31 | Proxy: 0
Dependency: spring-security-crypto:6.5.5 | Refl: 21 | Proxy: 0
Dependency: tomcat-embed-el:10.1.46 | Refl: 25 | Proxy: 0
Dependency: hibernate-validator:8.0.3.Final | Refl: 356 | Proxy: 0

============================================================
PROJECT: LabMQTT | DATE: 2026-05-22 15:36:21
SUMMARY: 2 deps | CMV: 23
------------------------------------------------------------
Dependency: amqp-client:5.21.0 | Refl: 21 | Proxy: 0
Dependency: slf4j-api:1.7.36 | Refl: 2 | Proxy: 0

============================================================
PROJECT: task-manager | DATE: 2026-05-22 15:36:36
SUMMARY: 77 deps | CMV: 2072
------------------------------------------------------------
Dependency: aspectjweaver:1.9.22.1 | Refl: 71 | Proxy: 0
Dependency: HikariCP:5.1.0 | Refl: 12 | Proxy: 0
Dependency: hibernate-core:6.5.3.Final | Refl: 1229 | Proxy: 0
Dependency: jakarta.persistence-api:3.1.0 | Refl: 2 | Proxy: 0
Dependency: jboss-logging:3.5.3.Final | Refl: 12 | Proxy: 0
Dependency: hibernate-commons-annotations:6.0.6.Final | Refl: 3 | Proxy: 0
Dependency: classmate:1.7.0 | Refl: 2 | Proxy: 0
Dependency: jaxb-runtime:4.0.5 | Refl: 10 | Proxy: 0
Dependency: jaxb-core:4.0.5 | Refl: 7 | Proxy: 0
Dependency: spring-context:6.1.14 | Refl: 154 | Proxy: 0
Dependency: spring-tx:6.1.14 | Refl: 6 | Proxy: 0
Dependency: slf4j-api:2.0.16 | Refl: 2 | Proxy: 0
Dependency: spring-aspects:6.1.14 | Refl: 24 | Proxy: 0
Dependency: logback-classic:1.5.11 | Refl: 97 | Proxy: 0
Dependency: logback-core:1.5.11 | Refl: 14 | Proxy: 0
Dependency: snakeyaml:2.2 | Refl: 8 | Proxy: 0
Dependency: spring-aop:6.1.14 | Refl: 31 | Proxy: 0
Dependency: spring-expression:6.1.14 | Refl: 47 | Proxy: 0
Dependency: jackson-datatype-jdk8:2.17.2 | Refl: 2 | Proxy: 0
Dependency: jackson-datatype-jsr310:2.17.2 | Refl: 4 | Proxy: 0
Dependency: tomcat-embed-core:10.1.31 | Refl: 105 | Proxy: 0
Dependency: tomcat-embed-el:10.1.31 | Refl: 25 | Proxy: 0
Dependency: spring-cloud-context:4.1.4 | Refl: 14 | Proxy: 0
Dependency: spring-security-crypto:6.3.4 | Refl: 20 | Proxy: 0
Dependency: jackson-databind:2.17.2 | Refl: 56 | Proxy: 0
Dependency: jackson-annotations:2.17.2 | Refl: 2 | Proxy: 0
Dependency: postgresql:42.7.4 | Refl: 95 | Proxy: 0
Dependency: spring-boot-configuration-processor:3.3.5 | Refl: 12 | Proxy: 0
Dependency: jakarta.xml.bind-api:4.0.2 | Refl: 4 | Proxy: 0
Dependency: spring-jcl:6.1.14 | Refl: 2 | Proxy: 0

============================================================
PROJECT: serverless-graalvm-demo | DATE: 2026-05-22 15:37:04
SUMMARY: 69 deps | CMV: 177
------------------------------------------------------------
Dependency: jackson-databind:2.21.2 | Refl: 56 | Proxy: 0
Dependency: jackson-annotations:2.21 | Refl: 2 | Proxy: 0
Dependency: jackson-datatype-jsr310:2.21.2 | Refl: 4 | Proxy: 0
Dependency: joda-time:2.10.8 | Refl: 3 | Proxy: 0
Dependency: dynamodb:2.28.7 | Refl: 1 | Proxy: 0
Dependency: checksums:2.28.7 | Refl: 9 | Proxy: 0
Dependency: sdk-core:2.28.7 | Refl: 6 | Proxy: 0
Dependency: auth:2.28.7 | Refl: 22 | Proxy: 0
Dependency: utils:2.28.7 | Refl: 1 | Proxy: 0
Dependency: slf4j-simple:2.0.13 | Refl: 2 | Proxy: 0
Dependency: slf4j-api:2.0.13 | Refl: 2 | Proxy: 0
Dependency: httpclient:4.5.13 | Refl: 1 | Proxy: 0
Dependency: httpcore:4.4.13 | Refl: 3 | Proxy: 0
Dependency: commons-logging:1.2 | Refl: 7 | Proxy: 0
Dependency: jackson-databind:2.12.7.1 | Refl: 56 | Proxy: 0
Dependency: jackson-annotations:2.12.7 | Refl: 2 | Proxy: 0

============================================================
PROJECT: doom-graal | DATE: 2026-05-22 15:37:04
SUMMARY: 1 deps | CMV: 0
------------------------------------------------------------
No reachability metadata found for this topology.

============================================================
PROJECT: java-graalvm-start | DATE: 2026-05-22 15:37:28
SUMMARY: 102 deps | CMV: 1102
------------------------------------------------------------
Dependency: javafx-base:24-ea+5 | Refl: 1 | Proxy: 0
Dependency: javafx-base:24-ea+5 | Refl: 1 | Proxy: 0
Dependency: logback-classic:1.2.11 | Refl: 42 | Proxy: 0
Dependency: logback-core:1.2.11 | Refl: 14 | Proxy: 0
Dependency: snakeyaml:1.30 | Refl: 8 | Proxy: 0
Dependency: jackson-databind:2.13.4.2 | Refl: 56 | Proxy: 0
Dependency: jackson-annotations:2.13.4 | Refl: 2 | Proxy: 0
Dependency: jackson-datatype-jdk8:2.13.4 | Refl: 2 | Proxy: 0
Dependency: jackson-datatype-jsr310:2.13.4 | Refl: 4 | Proxy: 0
Dependency: tomcat-embed-el:9.0.70 | Refl: 25 | Proxy: 0
Dependency: spring-aop:5.3.24 | Refl: 29 | Proxy: 0
Dependency: spring-context:5.3.24 | Refl: 154 | Proxy: 0
Dependency: spring-expression:5.3.24 | Refl: 47 | Proxy: 0
Dependency: thymeleaf:3.0.15.RELEASE | Refl: 90 | Proxy: 0
Dependency: slf4j-api:1.7.36 | Refl: 2 | Proxy: 0
Dependency: spring-jcl:5.3.24 | Refl: 2 | Proxy: 0
Dependency: logback-classic:1.5.18 | Refl: 97 | Proxy: 0
Dependency: logback-core:1.5.18 | Refl: 14 | Proxy: 0
Dependency: snakeyaml:2.4 | Refl: 8 | Proxy: 0
Dependency: thymeleaf-spring6:3.1.3.RELEASE | Refl: 4 | Proxy: 0
Dependency: thymeleaf:3.1.3.RELEASE | Refl: 59 | Proxy: 0
Dependency: slf4j-api:2.0.17 | Refl: 2 | Proxy: 0
Dependency: jackson-databind:2.19.0 | Refl: 56 | Proxy: 0
Dependency: jackson-annotations:2.19.0 | Refl: 2 | Proxy: 0
Dependency: jackson-datatype-jdk8:2.19.0 | Refl: 2 | Proxy: 0
Dependency: jackson-datatype-jsr310:2.19.0 | Refl: 4 | Proxy: 0
Dependency: tomcat-embed-core:10.1.41 | Refl: 105 | Proxy: 0
Dependency: tomcat-embed-el:10.1.41 | Refl: 25 | Proxy: 0
Dependency: spring-aop:6.2.7 | Refl: 31 | Proxy: 0
Dependency: spring-context:6.2.7 | Refl: 154 | Proxy: 0
Dependency: spring-expression:6.2.7 | Refl: 48 | Proxy: 0
Dependency: spring-jcl:6.2.7 | Refl: 2 | Proxy: 0
Dependency: picocli:4.6.2 | Refl: 4 | Proxy: 0
Dependency: jansi:1.18 | Refl: 6 | Proxy: 0

============================================================
PROJECT: spring-boot-graalvm | DATE: 2026-05-22 15:37:28
SUMMARY: 0 deps | CMV: 0
------------------------------------------------------------
No reachability metadata found for this topology.

============================================================
PROJECT: spring-native | DATE: 2026-05-22 15:40:28
SUMMARY: 518 deps | CMV: 5914
------------------------------------------------------------
Dependency: spring-jcl:5.3.24 | Refl: 2 | Proxy: 0
Dependency: tomcat-embed-core:9.0.70 | Refl: 202 | Proxy: 0
Dependency: spring-aop:5.3.24 | Refl: 29 | Proxy: 0
Dependency: spring-expression:5.3.24 | Refl: 47 | Proxy: 0
Dependency: jackson-databind:2.13.4.2 | Refl: 56 | Proxy: 0
Dependency: jackson-annotations:2.13.4 | Refl: 2 | Proxy: 0
Dependency: HdrHistogram:2.1.12 | Refl: 12 | Proxy: 0
Dependency: LatencyUtils:2.0.3 | Refl: 3 | Proxy: 0
Dependency: spring-boot-actuator-autoconfigure:2.7.7 | Refl: 7 | Proxy: 0
Dependency: jackson-datatype-jsr310:2.13.4 | Refl: 4 | Proxy: 0
Dependency: spring-context:5.3.24 | Refl: 154 | Proxy: 0
Dependency: spring-test:5.3.24 | Refl: 12 | Proxy: 0
Dependency: slf4j-api:1.7.36 | Refl: 2 | Proxy: 0
Dependency: logback-classic:1.2.11 | Refl: 42 | Proxy: 0
Dependency: logback-core:1.2.11 | Refl: 14 | Proxy: 0
Dependency: spring-tx:5.3.24 | Refl: 3 | Proxy: 0
Dependency: mongodb-driver-core:4.6.1 | Refl: 3 | Proxy: 0
Dependency: bson:4.6.1 | Refl: 3 | Proxy: 0
Dependency: h2:2.1.214 | Refl: 20 | Proxy: 0
Dependency: hibernate-validator:6.2.5.Final | Refl: 356 | Proxy: 0
Dependency: jboss-logging:3.4.3.Final | Refl: 12 | Proxy: 0
Dependency: classmate:1.5.1 | Refl: 2 | Proxy: 0
Dependency: hibernate-core:5.6.14.Final | Refl: 260 | Proxy: 0
Dependency: javax.persistence-api:2.2 | Refl: 2 | Proxy: 0
Dependency: antlr:2.7.7 | Refl: 15 | Proxy: 0
Dependency: jandex:2.4.2.Final | Refl: 1 | Proxy: 0
Dependency: javax.activation-api:1.2.0 | Refl: 1 | Proxy: 0
Dependency: hibernate-commons-annotations:5.1.2.Final | Refl: 3 | Proxy: 0
Dependency: jaxb-runtime:2.3.7 | Refl: 10 | Proxy: 0
Dependency: jakarta.xml.bind-api:2.3.3 | Refl: 4 | Proxy: 0
Dependency: jakarta.activation:1.2.2 | Refl: 1 | Proxy: 0
Dependency: httpclient:4.5.14 | Refl: 1 | Proxy: 0
Dependency: httpcore:4.4.16 | Refl: 3 | Proxy: 0
Dependency: opentest4j:1.2.0 | Refl: 1 | Proxy: 0
Dependency: junit-platform-commons:1.8.2 | Refl: 7 | Proxy: 0
Dependency: commons-compress:1.21 | Refl: 14 | Proxy: 0
Dependency: picocli:4.6.1 | Refl: 4 | Proxy: 0
Dependency: asm:9.2 | Refl: 4 | Proxy: 0
Dependency: kafka-clients:3.1.2 | Refl: 116 | Proxy: 0
Dependency: zstd-jni:1.5.0-4 | Refl: 15 | Proxy: 0
Dependency: lz4-java:1.8.0 | Refl: 24 | Proxy: 0
Dependency: kafka-streams:3.1.2 | Refl: 51 | Proxy: 0
Dependency: rocksdbjni:6.22.1.1 | Refl: 4 | Proxy: 0
Dependency: avro:1.9.2 | Refl: 31 | Proxy: 0
Dependency: spring-cloud-function-context:3.2.5 | Refl: 32 | Proxy: 0
Dependency: javax.servlet-api:4.0.1 | Refl: 1 | Proxy: 0
Dependency: spring-cloud-context:3.1.3 | Refl: 14 | Proxy: 0
Dependency: spring-security-crypto:5.7.6 | Refl: 20 | Proxy: 0
Dependency: json-smart:2.4.8 | Refl: 9 | Proxy: 0
Dependency: spring-webflux:5.3.24 | Refl: 83 | Proxy: 0
Dependency: reactor-core:3.4.26 | Refl: 3 | Proxy: 0
Dependency: snakeyaml:1.30 | Refl: 8 | Proxy: 0
Dependency: kotlin-stdlib:1.6.21 | Refl: 1 | Proxy: 0
Dependency: quartz:2.3.2 | Refl: 8 | Proxy: 0
Dependency: mchange-commons-java:0.2.15 | Refl: 125 | Proxy: 0
Dependency: commons-compress:1.19 | Refl: 14 | Proxy: 0
Dependency: spring-integration-kafka:5.5.16 | Refl: 4 | Proxy: 0
Dependency: spring-cloud-stream:3.2.4 | Refl: 42 | Proxy: 0
Dependency: spring-integration-jmx:5.5.16 | Refl: 8 | Proxy: 0
Dependency: lucene-core:8.11.1 | Refl: 24 | Proxy: 0
Dependency: joda-time:2.10.10 | Refl: 3 | Proxy: 0
Dependency: jna:5.10.0 | Refl: 50 | Proxy: 0
Dependency: jackson-datatype-jdk8:2.13.4 | Refl: 2 | Proxy: 0
Dependency: postgresql:42.3.8 | Refl: 95 | Proxy: 0
Dependency: netty-resolver-dns-classes-macos:4.1.86.Final | Refl: 12 | Proxy: 0
Dependency: netty-transport-native-epoll:4.1.86.Final | Refl: 13 | Proxy: 0
Dependency: netty-transport-native-unix-common:4.1.86.Final | Refl: 26 | Proxy: 0
Dependency: netty-transport-classes-epoll:4.1.86.Final | Refl: 27 | Proxy: 0
Dependency: netty-handler-proxy:4.1.86.Final | Refl: 25 | Proxy: 0
Dependency: netty-codec-socks:4.1.86.Final | Refl: 6 | Proxy: 0
Dependency: netty-transport:4.1.86.Final | Refl: 3 | Proxy: 0
Dependency: netty-common:4.1.86.Final | Refl: 750 | Proxy: 0
Dependency: spring-rabbit:2.4.8 | Refl: 53 | Proxy: 0
Dependency: spring-amqp:2.4.8 | Refl: 5 | Proxy: 0
Dependency: amqp-client:5.14.2 | Refl: 21 | Proxy: 0
Dependency: spring-aspects:5.3.24 | Refl: 24 | Proxy: 0
Dependency: aspectjweaver:1.9.7 | Refl: 71 | Proxy: 0
Dependency: HikariCP:4.0.3 | Refl: 9 | Proxy: 0
Dependency: thymeleaf:3.0.15.RELEASE | Refl: 90 | Proxy: 0
Dependency: ognl:3.1.26 | Refl: 19 | Proxy: 0
Dependency: mysql-connector-j:8.0.31 | Refl: 24 | Proxy: 0
Dependency: mariadb-java-client:3.0.9 | Refl: 3 | Proxy: 0
Dependency: tomcat-embed-el:9.0.70 | Refl: 25 | Proxy: 0
Dependency: bcpkix-jdk15on:1.68 | Refl: 90 | Proxy: 0
Dependency: org.eclipse.jgit:5.12.0.202106070339-r | Refl: 16 | Proxy: 0
Dependency: jackson-dataformat-yaml:2.13.4 | Refl: 2 | Proxy: 0
Dependency: antlr-runtime:3.4 | Refl: 1 | Proxy: 0
Dependency: commons-math:2.2 | Refl: 10 | Proxy: 0
Dependency: commons-configuration:1.10 | Refl: 24 | Proxy: 0
Dependency: commons-lang:2.6 | Refl: 9 | Proxy: 0
Dependency: jettison:1.4.0 | Refl: 2 | Proxy: 0
Dependency: aspectjrt:1.9.7 | Refl: 21 | Proxy: 0
Dependency: protobuf-java:3.19.6 | Refl: 15 | Proxy: 0
Dependency: kotlin-reflect:1.6.21 | Refl: 10 | Proxy: 0
Dependency: jakarta.mail:1.6.7 | Refl: 8 | Proxy: 0
Dependency: lettuce-core:6.1.10.RELEASE | Refl: 97 | Proxy: 0
Dependency: ehcache:3.10.8 | Refl: 534 | Proxy: 0
Dependency: hazelcast:5.1.5 | Refl: 597 | Proxy: 0
Dependency: rxjava:3.0.4 | Refl: 6 | Proxy: 0
Dependency: caffeine:2.9.3 | Refl: 39 | Proxy: 0
Dependency: websocket-common:9.4.50.v20221201 | Refl: 5 | Proxy: 0
Dependency: jetty-util:9.4.50.v20221201 | Refl: 2 | Proxy: 0
Dependency: jetty-io:9.4.50.v20221201 | Refl: 5 | Proxy: 0
Dependency: websocket-client:9.4.50.v20221201 | Refl: 4 | Proxy: 0
Dependency: jetty-client:9.4.50.v20221201 | Refl: 49 | Proxy: 0
Dependency: jetty-servlet:9.4.50.v20221201 | Refl: 16 | Proxy: 0
Dependency: jetty-security:9.4.50.v20221201 | Refl: 4 | Proxy: 0
Dependency: jetty-server:9.4.50.v20221201 | Refl: 33 | Proxy: 0
Dependency: jetty-util-ajax:9.4.50.v20221201 | Refl: 7 | Proxy: 0
Dependency: jetty-http:9.4.50.v20221201 | Refl: 5 | Proxy: 0
Dependency: undertow-core:2.2.22.Final | Refl: 64 | Proxy: 0
Dependency: wildfly-client-config:1.0.1.Final | Refl: 4 | Proxy: 0
Dependency: jboss-threads:3.1.0.Final | Refl: 3 | Proxy: 0
Dependency: commons-pool2:2.11.1 | Refl: 1 | Proxy: 0
Dependency: commons-io:2.11.0 | Refl: 4 | Proxy: 0
Dependency: okhttp:4.9.3 | Refl: 7 | Proxy: 0
Dependency: okio:2.8.0 | Refl: 1 | Proxy: 0
Dependency: consul-api:1.4.5 | Refl: 111 | Proxy: 0
Dependency: gson:2.9.1 | Refl: 2 | Proxy: 0
Dependency: netty-incubator-codec-classes-quic:0.0.34.Final | Refl: 23 | Proxy: 0
Dependency: junit:4.13.2 | Refl: 1 | Proxy: 0
Dependency: guava:30.1.1-android | Refl: 71 | Proxy: 0
Dependency: netty-codec:4.1.86.Final | Refl: 11 | Proxy: 0
Dependency: netty-codec-dns:4.1.86.Final | Refl: 15 | Proxy: 0
Dependency: guava:20.0 | Refl: 71 | Proxy: 0
Dependency: maven-resolver-impl:1.0.3 | Refl: 1 | Proxy: 0
Dependency: maven-resolver-api:1.0.3 | Refl: 1 | Proxy: 0
Dependency: maven-resolver-util:1.0.3 | Refl: 3 | Proxy: 0
Dependency: commons-io:2.5 | Refl: 4 | Proxy: 0
Dependency: plexus-classworlds:2.5.2 | Refl: 3 | Proxy: 0
Dependency: plexus-cipher:1.4 | Refl: 2 | Proxy: 0
Dependency: commons-lang3:3.12.0 | Refl: 28 | Proxy: 0
Dependency: maven-model:3.5.0 | Refl: 1 | Proxy: 0
Dependency: plexus-utils:2.1 | Refl: 27 | Proxy: 0
Dependency: plexus-build-api:0.0.7 | Refl: 46 | Proxy: 0
Dependency: maven-plugin-api:3.3.9 | Refl: 2 | Proxy: 0
Dependency: maven-artifact:3.3.9 | Refl: 14 | Proxy: 0
Dependency: org.eclipse.sisu.inject:0.3.2 | Refl: 61 | Proxy: 0
Dependency: maven-project:2.2.1 | Refl: 11 | Proxy: 0
Dependency: maven-profile:2.2.1 | Refl: 2 | Proxy: 0
Dependency: maven-artifact-manager:2.2.1 | Refl: 2 | Proxy: 0
Dependency: wagon-provider-api:1.0-beta-6 | Refl: 3 | Proxy: 0
Dependency: backport-util-concurrent:3.1 | Refl: 74 | Proxy: 0
Dependency: plexus-container-default:1.0-alpha-9-stable-1 | Refl: 118 | Proxy: 0
Dependency: guava:29.0-jre | Refl: 71 | Proxy: 0
Dependency: jna:5.6.0 | Refl: 50 | Proxy: 0
Dependency: kotlin-scripting-common:1.6.21 | Refl: 21 | Proxy: 0
Dependency: kotlin-scripting-jvm:1.6.21 | Refl: 8 | Proxy: 0
Dependency: jna:5.7.0 | Refl: 50 | Proxy: 0

============================================================
PROJECT: azure-native-spring-function | DATE: 2026-05-22 15:40:48
SUMMARY: 59 deps | CMV: 1378
------------------------------------------------------------
Dependency: spring-cloud-function-context:3.2.5 | Refl: 32 | Proxy: 0
Dependency: jackson-databind:2.13.3 | Refl: 56 | Proxy: 0
Dependency: jackson-annotations:2.13.3 | Refl: 2 | Proxy: 0
Dependency: jackson-datatype-jdk8:2.13.3 | Refl: 2 | Proxy: 0
Dependency: jackson-datatype-jsr310:2.13.3 | Refl: 4 | Proxy: 0
Dependency: netty-common:4.1.77.Final | Refl: 750 | Proxy: 0
Dependency: netty-transport:4.1.77.Final | Refl: 3 | Proxy: 0
Dependency: netty-codec:4.1.77.Final | Refl: 11 | Proxy: 0
Dependency: netty-resolver:4.1.77.Final | Refl: 7 | Proxy: 0
Dependency: netty-codec-dns:4.1.77.Final | Refl: 15 | Proxy: 0
Dependency: netty-resolver-dns-classes-macos:4.1.77.Final | Refl: 12 | Proxy: 0
Dependency: netty-transport-native-epoll:4.1.77.Final | Refl: 13 | Proxy: 0
Dependency: netty-transport-native-unix-common:4.1.77.Final | Refl: 26 | Proxy: 0
Dependency: netty-transport-classes-epoll:4.1.77.Final | Refl: 27 | Proxy: 0
Dependency: netty-handler-proxy:4.1.77.Final | Refl: 25 | Proxy: 0
Dependency: netty-codec-socks:4.1.77.Final | Refl: 9 | Proxy: 0
Dependency: spring-webflux:5.3.20 | Refl: 83 | Proxy: 0
Dependency: reactor-core:3.4.18 | Refl: 3 | Proxy: 0
Dependency: spring-context:5.3.20 | Refl: 154 | Proxy: 0
Dependency: spring-aop:5.3.20 | Refl: 29 | Proxy: 0
Dependency: spring-expression:5.3.20 | Refl: 47 | Proxy: 0
Dependency: logback-classic:1.2.11 | Refl: 42 | Proxy: 0
Dependency: logback-core:1.2.11 | Refl: 14 | Proxy: 0
Dependency: snakeyaml:1.30 | Refl: 8 | Proxy: 0
Dependency: slf4j-api:1.7.36 | Refl: 2 | Proxy: 0
Dependency: spring-jcl:5.3.20 | Refl: 2 | Proxy: 0

============================================================
PROJECT: piggymetrics | DATE: 2026-05-22 15:42:01
SUMMARY: 247 deps | CMV: 2792
------------------------------------------------------------
Dependency: spring-cloud-context:2.0.0.RELEASE | Refl: 14 | Proxy: 0
Dependency: jackson-annotations:2.9.0 | Refl: 2 | Proxy: 0
Dependency: jackson-databind:2.9.6 | Refl: 56 | Proxy: 0
Dependency: spring-boot-actuator-autoconfigure:2.0.3.RELEASE | Refl: 7 | Proxy: 0
Dependency: jackson-datatype-jsr310:2.9.6 | Refl: 4 | Proxy: 0
Dependency: HdrHistogram:2.1.10 | Refl: 12 | Proxy: 0
Dependency: LatencyUtils:2.0.3 | Refl: 3 | Proxy: 0
Dependency: jackson-datatype-jdk8:2.9.6 | Refl: 2 | Proxy: 0
Dependency: tomcat-embed-core:8.5.31 | Refl: 202 | Proxy: 0
Dependency: tomcat-embed-el:8.5.31 | Refl: 25 | Proxy: 0
Dependency: hibernate-validator:6.0.10.Final | Refl: 356 | Proxy: 0
Dependency: validation-api:2.0.1.Final | Refl: 2 | Proxy: 0
Dependency: jboss-logging:3.3.2.Final | Refl: 12 | Proxy: 0
Dependency: classmate:1.3.4 | Refl: 2 | Proxy: 0
Dependency: spring-security-crypto:5.0.6.RELEASE | Refl: 21 | Proxy: 0
Dependency: bcpkix-jdk15on:1.56 | Refl: 90 | Proxy: 0
Dependency: org.eclipse.jgit:4.11.0.201803080745-r | Refl: 16 | Proxy: 0
Dependency: httpclient:4.5.5 | Refl: 2 | Proxy: 0
Dependency: slf4j-api:1.7.25 | Refl: 2 | Proxy: 0
Dependency: httpcore:4.4.9 | Refl: 3 | Proxy: 0
Dependency: snakeyaml:1.19 | Refl: 8 | Proxy: 0
Dependency: logback-classic:1.2.3 | Refl: 112 | Proxy: 0
Dependency: logback-core:1.2.3 | Refl: 14 | Proxy: 0
Dependency: spring-jcl:5.0.7.RELEASE | Refl: 2 | Proxy: 0
Dependency: spring-aop:5.0.7.RELEASE | Refl: 31 | Proxy: 0
Dependency: spring-context:5.0.7.RELEASE | Refl: 154 | Proxy: 0
Dependency: spring-expression:5.0.7.RELEASE | Refl: 48 | Proxy: 0
Dependency: freemarker:2.3.28 | Refl: 4 | Proxy: 0
Dependency: aspectjweaver:1.8.13 | Refl: 71 | Proxy: 0
Dependency: HdrHistogram:2.1.9 | Refl: 12 | Proxy: 0
Dependency: guava:16.0 | Refl: 71 | Proxy: 0
Dependency: commons-configuration:1.8 | Refl: 24 | Proxy: 0
Dependency: commons-lang:2.6 | Refl: 9 | Proxy: 0
Dependency: asm:5.0.4 | Refl: 4 | Proxy: 0
Dependency: objenesis:2.6 | Refl: 1 | Proxy: 0
Dependency: jettison:1.3.7 | Refl: 2 | Proxy: 0
Dependency: joda-time:2.9.9 | Refl: 3 | Proxy: 0
Dependency: antlr-runtime:3.4 | Refl: 1 | Proxy: 0
Dependency: antlr:2.7.7 | Refl: 15 | Proxy: 0
Dependency: gson:2.8.5 | Refl: 2 | Proxy: 0
Dependency: commons-math:2.2 | Refl: 10 | Proxy: 0
Dependency: jersey-servlet:1.19.1 | Refl: 59 | Proxy: 0
Dependency: netty-codec:4.1.25.Final | Refl: 11 | Proxy: 0
Dependency: netty-transport-native-epoll:4.1.25.Final | Refl: 13 | Proxy: 0
Dependency: netty-common:4.1.25.Final | Refl: 750 | Proxy: 0
Dependency: netty-transport-native-unix-common:4.1.25.Final | Refl: 26 | Proxy: 0
Dependency: netty-transport:4.1.25.Final | Refl: 3 | Proxy: 0
Dependency: netty-resolver:4.1.25.Final | Refl: 7 | Proxy: 0
Dependency: commons-lang3:3.7 | Refl: 28 | Proxy: 0
Dependency: guava:15.0 | Refl: 71 | Proxy: 0
Dependency: commons-io:2.4 | Refl: 4 | Proxy: 0
Dependency: aspectjrt:1.8.13 | Refl: 21 | Proxy: 0
Dependency: zipkin-reporter:2.7.3 | Refl: 2 | Proxy: 0
Dependency: bson:3.6.4 | Refl: 3 | Proxy: 0
Dependency: mongodb-driver-core:3.6.4 | Refl: 3 | Proxy: 0
Dependency: spring-tx:5.0.7.RELEASE | Refl: 6 | Proxy: 0
Dependency: jackson-mapper-asl:1.9.13 | Refl: 6 | Proxy: 0
Dependency: spring-cloud-stream-binder-rabbit:2.0.0.RELEASE | Refl: 1 | Proxy: 0
Dependency: spring-cloud-stream-binder-rabbit-core:2.0.0.RELEASE | Refl: 10 | Proxy: 0
Dependency: spring-rabbit:2.0.4.RELEASE | Refl: 53 | Proxy: 0
Dependency: spring-amqp:2.0.4.RELEASE | Refl: 5 | Proxy: 0
Dependency: amqp-client:5.1.2 | Refl: 21 | Proxy: 0
Dependency: reactor-core:3.1.8.RELEASE | Refl: 3 | Proxy: 0
Dependency: spring-cloud-stream:2.0.0.RELEASE | Refl: 42 | Proxy: 0
Dependency: spring-integration-jmx:5.0.6.RELEASE | Refl: 8 | Proxy: 0
Dependency: guava:19.0 | Refl: 71 | Proxy: 0
Dependency: activation:1.1 | Refl: 1 | Proxy: 0
Dependency: netty-handler-proxy:4.1.25.Final | Refl: 25 | Proxy: 0
Dependency: netty-codec-socks:4.1.25.Final | Refl: 6 | Proxy: 0
Dependency: netty-transport-native-epoll:4.1.25.Final | Refl: 13 | Proxy: 0
Dependency: spring-webflux:5.0.7.RELEASE | Refl: 83 | Proxy: 0
Dependency: jackson-mapper-asl:1.9.2 | Refl: 6 | Proxy: 0

============================================================
PROJECT: SpringBootForBeginners | DATE: 2026-05-22 15:42:19
SUMMARY: 63 deps | CMV: 1204
------------------------------------------------------------
Dependency: logback-classic:1.1.7 | Refl: 112 | Proxy: 0
Dependency: logback-core:1.1.7 | Refl: 14 | Proxy: 0
Dependency: snakeyaml:1.17 | Refl: 8 | Proxy: 0
Dependency: tomcat-embed-core:8.5.4 | Refl: 202 | Proxy: 0
Dependency: tomcat-embed-el:8.5.4 | Refl: 25 | Proxy: 0
Dependency: validation-api:1.1.0.Final | Refl: 2 | Proxy: 0
Dependency: jboss-logging:3.3.0.Final | Refl: 12 | Proxy: 0
Dependency: classmate:1.3.1 | Refl: 2 | Proxy: 0
Dependency: jackson-databind:2.8.1 | Refl: 56 | Proxy: 0
Dependency: spring-aop:4.3.2.RELEASE | Refl: 31 | Proxy: 0
Dependency: spring-context:4.3.2.RELEASE | Refl: 154 | Proxy: 0
Dependency: spring-expression:4.3.2.RELEASE | Refl: 48 | Proxy: 0
Dependency: aspectjweaver:1.8.9 | Refl: 71 | Proxy: 0
Dependency: tomcat-jdbc:8.5.4 | Refl: 5 | Proxy: 0
Dependency: hibernate-core:5.0.9.Final | Refl: 350 | Proxy: 0
Dependency: antlr:2.7.7 | Refl: 15 | Proxy: 0
Dependency: jandex:2.0.0.Final | Refl: 1 | Proxy: 0
Dependency: dom4j:1.6.1 | Refl: 38 | Proxy: 0
Dependency: hibernate-commons-annotations:5.0.1.Final | Refl: 3 | Proxy: 0
Dependency: spring-tx:4.3.2.RELEASE | Refl: 6 | Proxy: 0
Dependency: spring-aspects:4.3.2.RELEASE | Refl: 24 | Proxy: 0
Dependency: jackson-annotations:2.8.1 | Refl: 2 | Proxy: 0
Dependency: h2:1.4.192 | Refl: 20 | Proxy: 0
Dependency: slf4j-api:1.7.21 | Refl: 2 | Proxy: 0
Dependency: jcl-over-slf4j:1.7.21 | Refl: 1 | Proxy: 0

============================================================
PROJECT: spring-cloud-gateway | DATE: 2026-05-22 15:43:32
SUMMARY: 217 deps | CMV: 2641
------------------------------------------------------------
Dependency: logback-classic:1.5.32 | Refl: 112 | Proxy: 0
Dependency: logback-core:1.5.32 | Refl: 14 | Proxy: 0
Dependency: snakeyaml:2.5 | Refl: 8 | Proxy: 0
Dependency: jackson-annotations:2.21 | Refl: 2 | Proxy: 0
Dependency: jackson-core:3.1.2 | Refl: 1 | Proxy: 0
Dependency: netty-transport:4.2.12.Final | Refl: 3 | Proxy: 0
Dependency: netty-transport-native-unix-common:4.2.12.Final | Refl: 26 | Proxy: 0
Dependency: netty-codec-dns:4.2.12.Final | Refl: 15 | Proxy: 0
Dependency: netty-resolver-dns-classes-macos:4.2.12.Final | Refl: 12 | Proxy: 0
Dependency: netty-transport-native-epoll:4.2.12.Final | Refl: 13 | Proxy: 0
Dependency: netty-transport-classes-epoll:4.2.12.Final | Refl: 27 | Proxy: 0
Dependency: netty-handler-proxy:4.2.12.Final | Refl: 25 | Proxy: 0
Dependency: netty-codec-socks:4.2.12.Final | Refl: 6 | Proxy: 0
Dependency: spring-boot-netty:4.0.6 | Refl: 11 | Proxy: 0
Dependency: netty-common:4.2.12.Final | Refl: 750 | Proxy: 0
Dependency: spring-boot-reactor:4.0.6 | Refl: 22 | Proxy: 0
Dependency: reactor-core:3.8.5 | Refl: 3 | Proxy: 0
Dependency: spring-boot-webflux:4.0.6 | Refl: 13 | Proxy: 0
Dependency: spring-webflux:7.0.7 | Refl: 83 | Proxy: 0
Dependency: spring-boot-web-server:4.0.6 | Refl: 1 | Proxy: 0
Dependency: slf4j-api:2.0.17 | Refl: 2 | Proxy: 0
Dependency: jakarta.xml.bind-api:4.0.4 | Refl: 4 | Proxy: 0
Dependency: json-smart:2.6.0 | Refl: 9 | Proxy: 0
Dependency: asm:9.7.1 | Refl: 4 | Proxy: 0
Dependency: commons-logging:1.3.6 | Refl: 7 | Proxy: 0
Dependency: spring-test:7.0.7 | Refl: 12 | Proxy: 0
Dependency: spring-context:7.0.7 | Refl: 154 | Proxy: 0
Dependency: spring-aop:7.0.7 | Refl: 31 | Proxy: 0
Dependency: spring-expression:7.0.7 | Refl: 48 | Proxy: 0
Dependency: spring-boot-actuator-autoconfigure:4.0.6 | Refl: 7 | Proxy: 0
Dependency: HdrHistogram:2.2.2 | Refl: 12 | Proxy: 0
Dependency: LatencyUtils:2.0.3 | Refl: 3 | Proxy: 0
Dependency: spring-boot-configuration-processor:4.0.6 | Refl: 12 | Proxy: 0
Dependency: tomcat-embed-core:11.0.21 | Refl: 202 | Proxy: 0
Dependency: tomcat-embed-el:11.0.21 | Refl: 25 | Proxy: 0
Dependency: spring-boot-validation:4.0.6 | Refl: 10 | Proxy: 0
Dependency: hibernate-validator:9.0.1.Final | Refl: 356 | Proxy: 0
Dependency: jboss-logging:3.6.3.Final | Refl: 12 | Proxy: 0
Dependency: classmate:1.7.3 | Refl: 2 | Proxy: 0
Dependency: spring-security-crypto:7.0.5 | Refl: 21 | Proxy: 0
Dependency: spring-cloud-context:5.0.2-SNAPSHOT | Refl: 14 | Proxy: 0
Dependency: spring-cloud-function-context:5.0.2-SNAPSHOT | Refl: 32 | Proxy: 0
Dependency: joda-time:2.12.7 | Refl: 3 | Proxy: 0
Dependency: spring-cloud-stream:5.0.2-SNAPSHOT | Refl: 42 | Proxy: 0
Dependency: spring-tx:7.0.7 | Refl: 6 | Proxy: 0
Dependency: spring-integration-jmx:7.0.4 | Refl: 8 | Proxy: 0
Dependency: lettuce-core:6.8.2.RELEASE | Refl: 97 | Proxy: 0
Dependency: kotlin-stdlib:2.2.21 | Refl: 1 | Proxy: 0
Dependency: kotlin-reflect:2.2.21 | Refl: 10 | Proxy: 0
Dependency: grpc-netty:1.77.0 | Refl: 2 | Proxy: 0
Dependency: grpc-core:1.77.0 | Refl: 1 | Proxy: 0
Dependency: grpc-context:1.77.0 | Refl: 1 | Proxy: 0
Dependency: guava:33.4.8-android | Refl: 71 | Proxy: 0
Dependency: grpc-protobuf:1.77.0 | Refl: 4 | Proxy: 0
Dependency: protobuf-java:3.25.8 | Refl: 15 | Proxy: 0
Dependency: proto-google-common-protos:2.59.2 | Refl: 14 | Proxy: 0
Dependency: protobuf-java-util:4.33.5 | Refl: 114 | Proxy: 0
Dependency: gson:2.13.2 | Refl: 2 | Proxy: 0
Dependency: jackson-databind:2.21.2 | Refl: 56 | Proxy: 0
Dependency: resilience4j-spring6:2.3.0 | Refl: 2 | Proxy: 0
Dependency: resilience4j-circularbuffer:2.3.0 | Refl: 1 | Proxy: 0
Dependency: resilience4j-core:2.3.0 | Refl: 1 | Proxy: 0
Dependency: caffeine:3.2.3 | Refl: 60 | Proxy: 0
Dependency: asm:9.9.1 | Refl: 4 | Proxy: 0

============================================================
PROJECT: jnativehook | DATE: 2026-05-22 15:43:32
SUMMARY: 0 deps | CMV: 0
------------------------------------------------------------
No reachability metadata found for this topology.

============================================================
PROJECT: hawtjni | DATE: 2026-05-22 15:43:32
SUMMARY: 0 deps | CMV: 0
------------------------------------------------------------
No reachability metadata found for this topology.

============================================================
PROJECT: whisper-jni | DATE: 2026-05-22 15:43:32
SUMMARY: 0 deps | CMV: 0
------------------------------------------------------------
No reachability metadata found for this topology.

============================================================
PROJECT: jni-faiss | DATE: 2026-05-22 15:43:32
SUMMARY: 0 deps | CMV: 0
------------------------------------------------------------
No reachability metadata found for this topology.

============================================================
PROJECT: TheAlgorithms_java | DATE: 2026-05-22 15:57:56
SUMMARY: 0 deps | CMV: 0
------------------------------------------------------------
No reachability metadata found for this topology.

============================================================
PROJECT: kubernetes-client_java | DATE: 2026-05-22 15:57:56
SUMMARY: 0 deps | CMV: 0
------------------------------------------------------------
No reachability metadata found for this topology.

============================================================
PROJECT: json-iterator_java | DATE: 2026-05-22 15:57:56
SUMMARY: 0 deps | CMV: 0
------------------------------------------------------------
No reachability metadata found for this topology.

============================================================
PROJECT: resolver | DATE: 2026-05-22 15:57:56
SUMMARY: 0 deps | CMV: 0
------------------------------------------------------------
No reachability metadata found for this topology.

============================================================
PROJECT: Maven-Web-Application | DATE: 2026-05-22 15:57:56
SUMMARY: 0 deps | CMV: 0
------------------------------------------------------------
No reachability metadata found for this topology.

============================================================
PROJECT: whisper-jni | DATE: 2026-05-22 16:29:49
SUMMARY: 0 deps | CMV: 0
------------------------------------------------------------
No reachability metadata found for this topology.

============================================================
PROJECT: LabMQTT | DATE: 2026-05-22 16:36:19
SUMMARY: 2 deps | CMV: 23
------------------------------------------------------------
Dependency: amqp-client:5.21.0 | Refl: 21 | Proxy: 0
Dependency: slf4j-api:1.7.36 | Refl: 2 | Proxy: 0

============================================================
PROJECT: LabMQTT | DATE: 2026-05-22 16:42:39
SUMMARY: 2 deps | CMV: 23
------------------------------------------------------------
Dependency: amqp-client:5.21.0 | Refl: 21 | Proxy: 0
Dependency: slf4j-api:1.7.36 | Refl: 2 | Proxy: 0

============================================================
PROJECT: whisper-jni | DATE: 2026-05-22 16:43:00
SUMMARY: 0 deps | CMV: 0
------------------------------------------------------------
No reachability metadata found for this topology.

============================================================
PROJECT: algo-struct | DATE: 2026-05-22 16:49:12
SUMMARY: 0 deps | CMV: 0
------------------------------------------------------------
No reachability metadata found for this topology.

============================================================
PROJECT: algo-struct | DATE: 2026-05-22 16:50:06
SUMMARY: 41 deps | CMV: 613
------------------------------------------------------------
Dependency: logback-classic:1.5.18 | Refl: 97 | Proxy: 0
Dependency: logback-core:1.5.18 | Refl: 14 | Proxy: 0
Dependency: snakeyaml:2.3 | Refl: 8 | Proxy: 0
Dependency: thymeleaf-spring6:3.1.3.RELEASE | Refl: 4 | Proxy: 0
Dependency: thymeleaf:3.1.3.RELEASE | Refl: 59 | Proxy: 0
Dependency: slf4j-api:2.0.17 | Refl: 2 | Proxy: 0
Dependency: jackson-databind:2.18.3 | Refl: 56 | Proxy: 0
Dependency: jackson-annotations:2.18.3 | Refl: 2 | Proxy: 0
Dependency: jackson-datatype-jdk8:2.18.3 | Refl: 2 | Proxy: 0
Dependency: jackson-datatype-jsr310:2.18.3 | Refl: 4 | Proxy: 0
Dependency: tomcat-embed-core:10.1.39 | Refl: 105 | Proxy: 0
Dependency: tomcat-embed-el:10.1.39 | Refl: 25 | Proxy: 0
Dependency: spring-aop:6.2.5 | Refl: 31 | Proxy: 0
Dependency: spring-context:6.2.5 | Refl: 154 | Proxy: 0
Dependency: spring-expression:6.2.5 | Refl: 48 | Proxy: 0
Dependency: spring-jcl:6.2.5 | Refl: 2 | Proxy: 0

============================================================
PROJECT: whisper-jni | DATE: 2026-05-22 16:51:08
SUMMARY: 0 deps | CMV: 0
------------------------------------------------------------
No reachability metadata found for this topology.

============================================================
PROJECT: jni-faiss | DATE: 2026-05-22 16:51:59
SUMMARY: 6 deps | CMV: 71
------------------------------------------------------------
Dependency: guava:21.0 | Refl: 71 | Proxy: 0

============================================================
PROJECT: algorithms-api-java | DATE: 2026-05-22 17:09:50
SUMMARY: 41 deps | CMV: 920
------------------------------------------------------------
Dependency: logback-classic:1.5.18 | Refl: 97 | Proxy: 0
Dependency: logback-core:1.5.18 | Refl: 14 | Proxy: 0
Dependency: snakeyaml:2.4 | Refl: 8 | Proxy: 0
Dependency: jackson-databind:2.19.1 | Refl: 56 | Proxy: 0
Dependency: jackson-annotations:2.19.1 | Refl: 2 | Proxy: 0
Dependency: jackson-datatype-jdk8:2.19.1 | Refl: 2 | Proxy: 0
Dependency: jackson-datatype-jsr310:2.19.1 | Refl: 4 | Proxy: 0
Dependency: tomcat-embed-core:10.1.42 | Refl: 105 | Proxy: 0
Dependency: spring-aop:6.2.8 | Refl: 31 | Proxy: 0
Dependency: spring-context:6.2.8 | Refl: 154 | Proxy: 0
Dependency: spring-expression:6.2.8 | Refl: 48 | Proxy: 0
Dependency: tomcat-embed-el:10.1.42 | Refl: 25 | Proxy: 0
Dependency: hibernate-validator:8.0.2.Final | Refl: 356 | Proxy: 0
Dependency: jboss-logging:3.6.1.Final | Refl: 12 | Proxy: 0
Dependency: classmate:1.7.0 | Refl: 2 | Proxy: 0
Dependency: slf4j-api:2.0.17 | Refl: 2 | Proxy: 0
Dependency: spring-jcl:6.2.8 | Refl: 2 | Proxy: 0

============================================================
PROJECT: StockWise | DATE: 2026-05-22 17:10:26
SUMMARY: 103 deps | CMV: 2112
------------------------------------------------------------
Dependency: logback-classic:1.5.16 | Refl: 97 | Proxy: 0
Dependency: logback-core:1.5.16 | Refl: 14 | Proxy: 0
Dependency: snakeyaml:2.3 | Refl: 8 | Proxy: 0
Dependency: spring-boot-actuator-autoconfigure:3.4.3 | Refl: 7 | Proxy: 0
Dependency: jackson-databind:2.18.2 | Refl: 56 | Proxy: 0
Dependency: jackson-annotations:2.18.2 | Refl: 2 | Proxy: 0
Dependency: jackson-datatype-jsr310:2.18.2 | Refl: 4 | Proxy: 0
Dependency: HdrHistogram:2.2.2 | Refl: 12 | Proxy: 0
Dependency: LatencyUtils:2.0.3 | Refl: 3 | Proxy: 0
Dependency: HikariCP:5.1.0 | Refl: 12 | Proxy: 0
Dependency: hibernate-core:6.6.8.Final | Refl: 1229 | Proxy: 0
Dependency: jakarta.persistence-api:3.1.0 | Refl: 2 | Proxy: 0
Dependency: jboss-logging:3.6.1.Final | Refl: 12 | Proxy: 0
Dependency: hibernate-commons-annotations:7.0.3.Final | Refl: 3 | Proxy: 0
Dependency: classmate:1.7.0 | Refl: 2 | Proxy: 0
Dependency: spring-context:6.2.3 | Refl: 154 | Proxy: 0
Dependency: spring-aop:6.2.3 | Refl: 31 | Proxy: 0
Dependency: spring-tx:6.2.3 | Refl: 6 | Proxy: 0
Dependency: slf4j-api:2.0.16 | Refl: 2 | Proxy: 0
Dependency: spring-aspects:6.2.3 | Refl: 24 | Proxy: 0
Dependency: aspectjweaver:1.9.22.1 | Refl: 71 | Proxy: 0
Dependency: thymeleaf-spring6:3.1.3.RELEASE | Refl: 4 | Proxy: 0
Dependency: thymeleaf:3.1.3.RELEASE | Refl: 59 | Proxy: 0
Dependency: jackson-datatype-jdk8:2.18.2 | Refl: 2 | Proxy: 0
Dependency: tomcat-embed-core:10.1.36 | Refl: 105 | Proxy: 0
Dependency: tomcat-embed-el:10.1.36 | Refl: 25 | Proxy: 0
Dependency: spring-expression:6.2.3 | Refl: 48 | Proxy: 0
Dependency: postgresql:42.7.5 | Refl: 95 | Proxy: 0
Dependency: jakarta.xml.bind-api:4.0.2 | Refl: 4 | Proxy: 0
Dependency: spring-jcl:6.2.3 | Refl: 2 | Proxy: 0
Dependency: jaxb-runtime:4.0.5 | Refl: 10 | Proxy: 0
Dependency: jaxb-core:4.0.5 | Refl: 7 | Proxy: 0

============================================================
PROJECT: sale-service | DATE: 2026-05-22 17:11:05
SUMMARY: 126 deps | CMV: 2575
------------------------------------------------------------
Dependency: logback-classic:1.5.11 | Refl: 97 | Proxy: 0
Dependency: logback-core:1.5.11 | Refl: 14 | Proxy: 0
Dependency: snakeyaml:2.2 | Refl: 8 | Proxy: 0
Dependency: spring-boot-actuator-autoconfigure:3.3.5 | Refl: 7 | Proxy: 0
Dependency: jackson-databind:2.17.2 | Refl: 56 | Proxy: 0
Dependency: jackson-annotations:2.17.2 | Refl: 2 | Proxy: 0
Dependency: jackson-datatype-jsr310:2.17.2 | Refl: 4 | Proxy: 0
Dependency: HdrHistogram:2.2.2 | Refl: 12 | Proxy: 0
Dependency: LatencyUtils:2.0.3 | Refl: 3 | Proxy: 0
Dependency: spring-aop:6.1.14 | Refl: 31 | Proxy: 0
Dependency: aspectjweaver:1.9.22.1 | Refl: 71 | Proxy: 0
Dependency: HikariCP:5.1.0 | Refl: 12 | Proxy: 0
Dependency: hibernate-core:6.5.3.Final | Refl: 1229 | Proxy: 0
Dependency: jakarta.persistence-api:3.1.0 | Refl: 2 | Proxy: 0
Dependency: jboss-logging:3.5.3.Final | Refl: 12 | Proxy: 0
Dependency: hibernate-commons-annotations:6.0.6.Final | Refl: 3 | Proxy: 0
Dependency: classmate:1.7.0 | Refl: 2 | Proxy: 0
Dependency: jaxb-runtime:4.0.5 | Refl: 10 | Proxy: 0
Dependency: jaxb-core:4.0.5 | Refl: 7 | Proxy: 0
Dependency: spring-context:6.1.14 | Refl: 154 | Proxy: 0
Dependency: spring-tx:6.1.14 | Refl: 6 | Proxy: 0
Dependency: spring-aspects:6.1.14 | Refl: 24 | Proxy: 0
Dependency: tomcat-embed-el:10.1.31 | Refl: 25 | Proxy: 0
Dependency: hibernate-validator:8.0.1.Final | Refl: 356 | Proxy: 0
Dependency: jackson-datatype-jdk8:2.17.2 | Refl: 2 | Proxy: 0
Dependency: tomcat-embed-core:10.1.31 | Refl: 105 | Proxy: 0
Dependency: spring-expression:6.1.14 | Refl: 47 | Proxy: 0
Dependency: postgresql:42.7.4 | Refl: 95 | Proxy: 0
Dependency: jakarta.xml.bind-api:4.0.2 | Refl: 4 | Proxy: 0
Dependency: spring-jcl:6.1.14 | Refl: 2 | Proxy: 0
Dependency: spring-cloud-context:4.1.4 | Refl: 14 | Proxy: 0
Dependency: commons-fileupload:1.5 | Refl: 1 | Proxy: 0
Dependency: commons-io:2.11.0 | Refl: 4 | Proxy: 0
Dependency: spring-security-crypto:6.3.4 | Refl: 20 | Proxy: 0
Dependency: resilience4j-core:2.1.0 | Refl: 1 | Proxy: 0
Dependency: resilience4j-spring6:2.1.0 | Refl: 2 | Proxy: 0
Dependency: resilience4j-circularbuffer:2.1.0 | Refl: 1 | Proxy: 0
Dependency: slf4j-api:2.0.16 | Refl: 2 | Proxy: 0
Dependency: junit:4.13.2 | Refl: 1 | Proxy: 0
Dependency: consul-api:1.4.5 | Refl: 111 | Proxy: 0
Dependency: gson:2.10.1 | Refl: 2 | Proxy: 0
Dependency: httpclient:4.5.14 | Refl: 1 | Proxy: 0
Dependency: commons-logging:1.2 | Refl: 7 | Proxy: 0
Dependency: httpcore:4.4.16 | Refl: 3 | Proxy: 0
Dependency: reactor-core:3.6.11 | Refl: 3 | Proxy: 0

============================================================
PROJECT: mini-erp | DATE: 2026-05-22 17:11:24
SUMMARY: 83 deps | CMV: 2495
------------------------------------------------------------
Dependency: logback-classic:1.5.18 | Refl: 97 | Proxy: 0
Dependency: logback-core:1.5.18 | Refl: 14 | Proxy: 0
Dependency: snakeyaml:2.4 | Refl: 8 | Proxy: 0
Dependency: spring-boot-actuator-autoconfigure:3.5.6 | Refl: 7 | Proxy: 0
Dependency: jackson-databind:2.19.2 | Refl: 56 | Proxy: 0
Dependency: jackson-annotations:2.19.2 | Refl: 2 | Proxy: 0
Dependency: jackson-datatype-jsr310:2.19.2 | Refl: 4 | Proxy: 0
Dependency: HdrHistogram:2.2.2 | Refl: 12 | Proxy: 0
Dependency: LatencyUtils:2.0.3 | Refl: 3 | Proxy: 0
Dependency: HikariCP:6.3.3 | Refl: 18 | Proxy: 0
Dependency: hibernate-core:6.6.29.Final | Refl: 1229 | Proxy: 0
Dependency: jakarta.persistence-api:3.1.0 | Refl: 2 | Proxy: 0
Dependency: jboss-logging:3.6.1.Final | Refl: 12 | Proxy: 0
Dependency: hibernate-commons-annotations:7.0.3.Final | Refl: 3 | Proxy: 0
Dependency: classmate:1.7.0 | Refl: 2 | Proxy: 0
Dependency: jaxb-runtime:4.0.5 | Refl: 10 | Proxy: 0
Dependency: jaxb-core:4.0.5 | Refl: 7 | Proxy: 0
Dependency: spring-context:6.2.11 | Refl: 154 | Proxy: 0
Dependency: spring-tx:6.2.11 | Refl: 6 | Proxy: 0
Dependency: slf4j-api:2.0.17 | Refl: 2 | Proxy: 0
Dependency: spring-aspects:6.2.11 | Refl: 24 | Proxy: 0
Dependency: aspectjweaver:1.9.24 | Refl: 71 | Proxy: 0
Dependency: thymeleaf-spring6:3.1.3.RELEASE | Refl: 4 | Proxy: 0
Dependency: thymeleaf:3.1.3.RELEASE | Refl: 59 | Proxy: 0
Dependency: jackson-datatype-jdk8:2.19.2 | Refl: 2 | Proxy: 0
Dependency: tomcat-embed-core:10.1.46 | Refl: 105 | Proxy: 0
Dependency: spring-expression:6.2.11 | Refl: 48 | Proxy: 0
Dependency: postgresql:42.7.7 | Refl: 95 | Proxy: 0
Dependency: jakarta.xml.bind-api:4.0.2 | Refl: 4 | Proxy: 0
Dependency: spring-jcl:6.2.11 | Refl: 2 | Proxy: 0
Dependency: spring-aop:6.2.11 | Refl: 31 | Proxy: 0
Dependency: spring-security-crypto:6.5.5 | Refl: 21 | Proxy: 0
Dependency: tomcat-embed-el:10.1.46 | Refl: 25 | Proxy: 0
Dependency: hibernate-validator:8.0.3.Final | Refl: 356 | Proxy: 0

============================================================
PROJECT: LabMQTT | DATE: 2026-05-22 17:11:26
SUMMARY: 2 deps | CMV: 23
------------------------------------------------------------
Dependency: amqp-client:5.21.0 | Refl: 21 | Proxy: 0
Dependency: slf4j-api:1.7.36 | Refl: 2 | Proxy: 0

============================================================
PROJECT: task-manager | DATE: 2026-05-22 17:11:41
SUMMARY: 77 deps | CMV: 2072
------------------------------------------------------------
Dependency: aspectjweaver:1.9.22.1 | Refl: 71 | Proxy: 0
Dependency: HikariCP:5.1.0 | Refl: 12 | Proxy: 0
Dependency: hibernate-core:6.5.3.Final | Refl: 1229 | Proxy: 0
Dependency: jakarta.persistence-api:3.1.0 | Refl: 2 | Proxy: 0
Dependency: jboss-logging:3.5.3.Final | Refl: 12 | Proxy: 0
Dependency: hibernate-commons-annotations:6.0.6.Final | Refl: 3 | Proxy: 0
Dependency: classmate:1.7.0 | Refl: 2 | Proxy: 0
Dependency: jaxb-runtime:4.0.5 | Refl: 10 | Proxy: 0
Dependency: jaxb-core:4.0.5 | Refl: 7 | Proxy: 0
Dependency: spring-context:6.1.14 | Refl: 154 | Proxy: 0
Dependency: spring-tx:6.1.14 | Refl: 6 | Proxy: 0
Dependency: slf4j-api:2.0.16 | Refl: 2 | Proxy: 0
Dependency: spring-aspects:6.1.14 | Refl: 24 | Proxy: 0
Dependency: logback-classic:1.5.11 | Refl: 97 | Proxy: 0
Dependency: logback-core:1.5.11 | Refl: 14 | Proxy: 0
Dependency: snakeyaml:2.2 | Refl: 8 | Proxy: 0
Dependency: spring-aop:6.1.14 | Refl: 31 | Proxy: 0
Dependency: spring-expression:6.1.14 | Refl: 47 | Proxy: 0
Dependency: jackson-datatype-jdk8:2.17.2 | Refl: 2 | Proxy: 0
Dependency: jackson-datatype-jsr310:2.17.2 | Refl: 4 | Proxy: 0
Dependency: tomcat-embed-core:10.1.31 | Refl: 105 | Proxy: 0
Dependency: tomcat-embed-el:10.1.31 | Refl: 25 | Proxy: 0
Dependency: spring-cloud-context:4.1.4 | Refl: 14 | Proxy: 0
Dependency: spring-security-crypto:6.3.4 | Refl: 20 | Proxy: 0
Dependency: jackson-databind:2.17.2 | Refl: 56 | Proxy: 0
Dependency: jackson-annotations:2.17.2 | Refl: 2 | Proxy: 0
Dependency: postgresql:42.7.4 | Refl: 95 | Proxy: 0
Dependency: spring-boot-configuration-processor:3.3.5 | Refl: 12 | Proxy: 0
Dependency: jakarta.xml.bind-api:4.0.2 | Refl: 4 | Proxy: 0
Dependency: spring-jcl:6.1.14 | Refl: 2 | Proxy: 0

============================================================
PROJECT: serverless-graalvm-demo | DATE: 2026-05-22 17:12:08
SUMMARY: 69 deps | CMV: 177
------------------------------------------------------------
Dependency: jackson-databind:2.21.3 | Refl: 56 | Proxy: 0
Dependency: jackson-annotations:2.21 | Refl: 2 | Proxy: 0
Dependency: jackson-datatype-jsr310:2.21.3 | Refl: 4 | Proxy: 0
Dependency: joda-time:2.10.8 | Refl: 3 | Proxy: 0
Dependency: dynamodb:2.28.7 | Refl: 1 | Proxy: 0
Dependency: checksums:2.28.7 | Refl: 9 | Proxy: 0
Dependency: sdk-core:2.28.7 | Refl: 6 | Proxy: 0
Dependency: auth:2.28.7 | Refl: 22 | Proxy: 0
Dependency: utils:2.28.7 | Refl: 1 | Proxy: 0
Dependency: slf4j-simple:2.0.13 | Refl: 2 | Proxy: 0
Dependency: slf4j-api:2.0.13 | Refl: 2 | Proxy: 0
Dependency: httpclient:4.5.13 | Refl: 1 | Proxy: 0
Dependency: httpcore:4.4.13 | Refl: 3 | Proxy: 0
Dependency: commons-logging:1.2 | Refl: 7 | Proxy: 0
Dependency: jackson-databind:2.12.7.1 | Refl: 56 | Proxy: 0
Dependency: jackson-annotations:2.12.7 | Refl: 2 | Proxy: 0

============================================================
PROJECT: doom-graal | DATE: 2026-05-22 17:12:09
SUMMARY: 1 deps | CMV: 0
------------------------------------------------------------
No reachability metadata found for this topology.

============================================================
PROJECT: java-graalvm-start | DATE: 2026-05-22 17:12:33
SUMMARY: 102 deps | CMV: 1102
------------------------------------------------------------
Dependency: javafx-base:24-ea+5 | Refl: 1 | Proxy: 0
Dependency: javafx-base:24-ea+5 | Refl: 1 | Proxy: 0
Dependency: logback-classic:1.2.11 | Refl: 42 | Proxy: 0
Dependency: logback-core:1.2.11 | Refl: 14 | Proxy: 0
Dependency: snakeyaml:1.30 | Refl: 8 | Proxy: 0
Dependency: jackson-databind:2.13.4.2 | Refl: 56 | Proxy: 0
Dependency: jackson-annotations:2.13.4 | Refl: 2 | Proxy: 0
Dependency: jackson-datatype-jdk8:2.13.4 | Refl: 2 | Proxy: 0
Dependency: jackson-datatype-jsr310:2.13.4 | Refl: 4 | Proxy: 0
Dependency: tomcat-embed-el:9.0.70 | Refl: 25 | Proxy: 0
Dependency: spring-aop:5.3.24 | Refl: 29 | Proxy: 0
Dependency: spring-context:5.3.24 | Refl: 154 | Proxy: 0
Dependency: spring-expression:5.3.24 | Refl: 47 | Proxy: 0
Dependency: thymeleaf:3.0.15.RELEASE | Refl: 90 | Proxy: 0
Dependency: slf4j-api:1.7.36 | Refl: 2 | Proxy: 0
Dependency: spring-jcl:5.3.24 | Refl: 2 | Proxy: 0
Dependency: logback-classic:1.5.18 | Refl: 97 | Proxy: 0
Dependency: logback-core:1.5.18 | Refl: 14 | Proxy: 0
Dependency: snakeyaml:2.4 | Refl: 8 | Proxy: 0
Dependency: thymeleaf-spring6:3.1.3.RELEASE | Refl: 4 | Proxy: 0
Dependency: thymeleaf:3.1.3.RELEASE | Refl: 59 | Proxy: 0
Dependency: slf4j-api:2.0.17 | Refl: 2 | Proxy: 0
Dependency: jackson-databind:2.19.0 | Refl: 56 | Proxy: 0
Dependency: jackson-annotations:2.19.0 | Refl: 2 | Proxy: 0
Dependency: jackson-datatype-jdk8:2.19.0 | Refl: 2 | Proxy: 0
Dependency: jackson-datatype-jsr310:2.19.0 | Refl: 4 | Proxy: 0
Dependency: tomcat-embed-core:10.1.41 | Refl: 105 | Proxy: 0
Dependency: tomcat-embed-el:10.1.41 | Refl: 25 | Proxy: 0
Dependency: spring-aop:6.2.7 | Refl: 31 | Proxy: 0
Dependency: spring-context:6.2.7 | Refl: 154 | Proxy: 0
Dependency: spring-expression:6.2.7 | Refl: 48 | Proxy: 0
Dependency: spring-jcl:6.2.7 | Refl: 2 | Proxy: 0
Dependency: picocli:4.6.2 | Refl: 4 | Proxy: 0
Dependency: jansi:1.18 | Refl: 6 | Proxy: 0

============================================================
PROJECT: spring-boot-graalvm | DATE: 2026-05-22 17:12:33
SUMMARY: 0 deps | CMV: 0
------------------------------------------------------------
No reachability metadata found for this topology.

============================================================
PROJECT: spring-native | DATE: 2026-05-22 17:15:53
SUMMARY: 518 deps | CMV: 5914
------------------------------------------------------------
Dependency: spring-jcl:5.3.24 | Refl: 2 | Proxy: 0
Dependency: tomcat-embed-core:9.0.70 | Refl: 202 | Proxy: 0
Dependency: spring-aop:5.3.24 | Refl: 29 | Proxy: 0
Dependency: spring-expression:5.3.24 | Refl: 47 | Proxy: 0
Dependency: jackson-databind:2.13.4.2 | Refl: 56 | Proxy: 0
Dependency: jackson-annotations:2.13.4 | Refl: 2 | Proxy: 0
Dependency: HdrHistogram:2.1.12 | Refl: 12 | Proxy: 0
Dependency: LatencyUtils:2.0.3 | Refl: 3 | Proxy: 0
Dependency: spring-boot-actuator-autoconfigure:2.7.7 | Refl: 7 | Proxy: 0
Dependency: jackson-datatype-jsr310:2.13.4 | Refl: 4 | Proxy: 0
Dependency: spring-context:5.3.24 | Refl: 154 | Proxy: 0
Dependency: spring-test:5.3.24 | Refl: 12 | Proxy: 0
Dependency: slf4j-api:1.7.36 | Refl: 2 | Proxy: 0
Dependency: logback-classic:1.2.11 | Refl: 42 | Proxy: 0
Dependency: logback-core:1.2.11 | Refl: 14 | Proxy: 0
Dependency: spring-tx:5.3.24 | Refl: 3 | Proxy: 0
Dependency: mongodb-driver-core:4.6.1 | Refl: 3 | Proxy: 0
Dependency: bson:4.6.1 | Refl: 3 | Proxy: 0
Dependency: h2:2.1.214 | Refl: 20 | Proxy: 0
Dependency: hibernate-validator:6.2.5.Final | Refl: 356 | Proxy: 0
Dependency: jboss-logging:3.4.3.Final | Refl: 12 | Proxy: 0
Dependency: classmate:1.5.1 | Refl: 2 | Proxy: 0
Dependency: hibernate-core:5.6.14.Final | Refl: 260 | Proxy: 0
Dependency: javax.persistence-api:2.2 | Refl: 2 | Proxy: 0
Dependency: antlr:2.7.7 | Refl: 15 | Proxy: 0
Dependency: jandex:2.4.2.Final | Refl: 1 | Proxy: 0
Dependency: javax.activation-api:1.2.0 | Refl: 1 | Proxy: 0
Dependency: hibernate-commons-annotations:5.1.2.Final | Refl: 3 | Proxy: 0
Dependency: jaxb-runtime:2.3.7 | Refl: 10 | Proxy: 0
Dependency: jakarta.xml.bind-api:2.3.3 | Refl: 4 | Proxy: 0
Dependency: jakarta.activation:1.2.2 | Refl: 1 | Proxy: 0
Dependency: httpclient:4.5.14 | Refl: 1 | Proxy: 0
Dependency: httpcore:4.4.16 | Refl: 3 | Proxy: 0
Dependency: opentest4j:1.2.0 | Refl: 1 | Proxy: 0
Dependency: junit-platform-commons:1.8.2 | Refl: 7 | Proxy: 0
Dependency: commons-compress:1.21 | Refl: 14 | Proxy: 0
Dependency: picocli:4.6.1 | Refl: 4 | Proxy: 0
Dependency: asm:9.2 | Refl: 4 | Proxy: 0
Dependency: kafka-clients:3.1.2 | Refl: 116 | Proxy: 0
Dependency: zstd-jni:1.5.0-4 | Refl: 15 | Proxy: 0
Dependency: lz4-java:1.8.0 | Refl: 24 | Proxy: 0
Dependency: kafka-streams:3.1.2 | Refl: 51 | Proxy: 0
Dependency: rocksdbjni:6.22.1.1 | Refl: 4 | Proxy: 0
Dependency: avro:1.9.2 | Refl: 31 | Proxy: 0
Dependency: spring-cloud-function-context:3.2.5 | Refl: 32 | Proxy: 0
Dependency: javax.servlet-api:4.0.1 | Refl: 1 | Proxy: 0
Dependency: spring-cloud-context:3.1.3 | Refl: 14 | Proxy: 0
Dependency: spring-security-crypto:5.7.6 | Refl: 20 | Proxy: 0
Dependency: json-smart:2.4.8 | Refl: 9 | Proxy: 0
Dependency: spring-webflux:5.3.24 | Refl: 83 | Proxy: 0
Dependency: reactor-core:3.4.26 | Refl: 3 | Proxy: 0
Dependency: snakeyaml:1.30 | Refl: 8 | Proxy: 0
Dependency: kotlin-stdlib:1.6.21 | Refl: 1 | Proxy: 0
Dependency: quartz:2.3.2 | Refl: 8 | Proxy: 0
Dependency: mchange-commons-java:0.2.15 | Refl: 125 | Proxy: 0
Dependency: commons-compress:1.19 | Refl: 14 | Proxy: 0
Dependency: spring-integration-kafka:5.5.16 | Refl: 4 | Proxy: 0
Dependency: spring-cloud-stream:3.2.4 | Refl: 42 | Proxy: 0
Dependency: spring-integration-jmx:5.5.16 | Refl: 8 | Proxy: 0
Dependency: lucene-core:8.11.1 | Refl: 24 | Proxy: 0
Dependency: joda-time:2.10.10 | Refl: 3 | Proxy: 0
Dependency: jna:5.10.0 | Refl: 50 | Proxy: 0
Dependency: jackson-datatype-jdk8:2.13.4 | Refl: 2 | Proxy: 0
Dependency: postgresql:42.3.8 | Refl: 95 | Proxy: 0
Dependency: netty-resolver-dns-classes-macos:4.1.86.Final | Refl: 12 | Proxy: 0
Dependency: netty-transport-native-epoll:4.1.86.Final | Refl: 13 | Proxy: 0
Dependency: netty-transport-native-unix-common:4.1.86.Final | Refl: 26 | Proxy: 0
Dependency: netty-transport-classes-epoll:4.1.86.Final | Refl: 27 | Proxy: 0
Dependency: netty-handler-proxy:4.1.86.Final | Refl: 25 | Proxy: 0
Dependency: netty-codec-socks:4.1.86.Final | Refl: 6 | Proxy: 0
Dependency: netty-transport:4.1.86.Final | Refl: 3 | Proxy: 0
Dependency: netty-common:4.1.86.Final | Refl: 750 | Proxy: 0
Dependency: spring-rabbit:2.4.8 | Refl: 53 | Proxy: 0
Dependency: spring-amqp:2.4.8 | Refl: 5 | Proxy: 0
Dependency: amqp-client:5.14.2 | Refl: 21 | Proxy: 0
Dependency: spring-aspects:5.3.24 | Refl: 24 | Proxy: 0
Dependency: aspectjweaver:1.9.7 | Refl: 71 | Proxy: 0
Dependency: HikariCP:4.0.3 | Refl: 9 | Proxy: 0
Dependency: thymeleaf:3.0.15.RELEASE | Refl: 90 | Proxy: 0
Dependency: ognl:3.1.26 | Refl: 19 | Proxy: 0
Dependency: mysql-connector-j:8.0.31 | Refl: 24 | Proxy: 0
Dependency: mariadb-java-client:3.0.9 | Refl: 3 | Proxy: 0
Dependency: tomcat-embed-el:9.0.70 | Refl: 25 | Proxy: 0
Dependency: bcpkix-jdk15on:1.68 | Refl: 90 | Proxy: 0
Dependency: org.eclipse.jgit:5.12.0.202106070339-r | Refl: 16 | Proxy: 0
Dependency: jackson-dataformat-yaml:2.13.4 | Refl: 2 | Proxy: 0
Dependency: antlr-runtime:3.4 | Refl: 1 | Proxy: 0
Dependency: commons-math:2.2 | Refl: 10 | Proxy: 0
Dependency: commons-configuration:1.10 | Refl: 24 | Proxy: 0
Dependency: commons-lang:2.6 | Refl: 9 | Proxy: 0
Dependency: jettison:1.4.0 | Refl: 2 | Proxy: 0
Dependency: aspectjrt:1.9.7 | Refl: 21 | Proxy: 0
Dependency: protobuf-java:3.19.6 | Refl: 15 | Proxy: 0
Dependency: kotlin-reflect:1.6.21 | Refl: 10 | Proxy: 0
Dependency: jakarta.mail:1.6.7 | Refl: 8 | Proxy: 0
Dependency: lettuce-core:6.1.10.RELEASE | Refl: 97 | Proxy: 0
Dependency: ehcache:3.10.8 | Refl: 534 | Proxy: 0
Dependency: hazelcast:5.1.5 | Refl: 597 | Proxy: 0
Dependency: rxjava:3.0.4 | Refl: 6 | Proxy: 0
Dependency: caffeine:2.9.3 | Refl: 39 | Proxy: 0
Dependency: websocket-common:9.4.50.v20221201 | Refl: 5 | Proxy: 0
Dependency: jetty-util:9.4.50.v20221201 | Refl: 2 | Proxy: 0
Dependency: jetty-io:9.4.50.v20221201 | Refl: 5 | Proxy: 0
Dependency: websocket-client:9.4.50.v20221201 | Refl: 4 | Proxy: 0
Dependency: jetty-client:9.4.50.v20221201 | Refl: 49 | Proxy: 0
Dependency: jetty-servlet:9.4.50.v20221201 | Refl: 16 | Proxy: 0
Dependency: jetty-security:9.4.50.v20221201 | Refl: 4 | Proxy: 0
Dependency: jetty-server:9.4.50.v20221201 | Refl: 33 | Proxy: 0
Dependency: jetty-util-ajax:9.4.50.v20221201 | Refl: 7 | Proxy: 0
Dependency: jetty-http:9.4.50.v20221201 | Refl: 5 | Proxy: 0
Dependency: undertow-core:2.2.22.Final | Refl: 64 | Proxy: 0
Dependency: wildfly-client-config:1.0.1.Final | Refl: 4 | Proxy: 0
Dependency: jboss-threads:3.1.0.Final | Refl: 3 | Proxy: 0
Dependency: commons-pool2:2.11.1 | Refl: 1 | Proxy: 0
Dependency: commons-io:2.11.0 | Refl: 4 | Proxy: 0
Dependency: okhttp:4.9.3 | Refl: 7 | Proxy: 0
Dependency: okio:2.8.0 | Refl: 1 | Proxy: 0
Dependency: consul-api:1.4.5 | Refl: 111 | Proxy: 0
Dependency: gson:2.9.1 | Refl: 2 | Proxy: 0
Dependency: netty-incubator-codec-classes-quic:0.0.34.Final | Refl: 23 | Proxy: 0
Dependency: junit:4.13.2 | Refl: 1 | Proxy: 0
Dependency: guava:30.1.1-android | Refl: 71 | Proxy: 0
Dependency: netty-codec:4.1.86.Final | Refl: 11 | Proxy: 0
Dependency: netty-codec-dns:4.1.86.Final | Refl: 15 | Proxy: 0
Dependency: guava:20.0 | Refl: 71 | Proxy: 0
Dependency: maven-resolver-impl:1.0.3 | Refl: 1 | Proxy: 0
Dependency: maven-resolver-api:1.0.3 | Refl: 1 | Proxy: 0
Dependency: maven-resolver-util:1.0.3 | Refl: 3 | Proxy: 0
Dependency: commons-io:2.5 | Refl: 4 | Proxy: 0
Dependency: plexus-classworlds:2.5.2 | Refl: 3 | Proxy: 0
Dependency: plexus-cipher:1.4 | Refl: 2 | Proxy: 0
Dependency: commons-lang3:3.12.0 | Refl: 28 | Proxy: 0
Dependency: maven-model:3.5.0 | Refl: 1 | Proxy: 0
Dependency: plexus-utils:2.1 | Refl: 27 | Proxy: 0
Dependency: plexus-build-api:0.0.7 | Refl: 46 | Proxy: 0
Dependency: maven-plugin-api:3.3.9 | Refl: 2 | Proxy: 0
Dependency: maven-artifact:3.3.9 | Refl: 14 | Proxy: 0
Dependency: org.eclipse.sisu.inject:0.3.2 | Refl: 61 | Proxy: 0
Dependency: maven-project:2.2.1 | Refl: 11 | Proxy: 0
Dependency: maven-profile:2.2.1 | Refl: 2 | Proxy: 0
Dependency: maven-artifact-manager:2.2.1 | Refl: 2 | Proxy: 0
Dependency: wagon-provider-api:1.0-beta-6 | Refl: 3 | Proxy: 0
Dependency: backport-util-concurrent:3.1 | Refl: 74 | Proxy: 0
Dependency: plexus-container-default:1.0-alpha-9-stable-1 | Refl: 118 | Proxy: 0
Dependency: guava:29.0-jre | Refl: 71 | Proxy: 0
Dependency: jna:5.6.0 | Refl: 50 | Proxy: 0
Dependency: kotlin-scripting-common:1.6.21 | Refl: 21 | Proxy: 0
Dependency: kotlin-scripting-jvm:1.6.21 | Refl: 8 | Proxy: 0
Dependency: jna:5.7.0 | Refl: 50 | Proxy: 0

============================================================
PROJECT: azure-native-spring-function | DATE: 2026-05-22 17:16:13
SUMMARY: 59 deps | CMV: 1378
------------------------------------------------------------
Dependency: spring-cloud-function-context:3.2.5 | Refl: 32 | Proxy: 0
Dependency: jackson-databind:2.13.3 | Refl: 56 | Proxy: 0
Dependency: jackson-annotations:2.13.3 | Refl: 2 | Proxy: 0
Dependency: jackson-datatype-jdk8:2.13.3 | Refl: 2 | Proxy: 0
Dependency: jackson-datatype-jsr310:2.13.3 | Refl: 4 | Proxy: 0
Dependency: netty-common:4.1.77.Final | Refl: 750 | Proxy: 0
Dependency: netty-transport:4.1.77.Final | Refl: 3 | Proxy: 0
Dependency: netty-codec:4.1.77.Final | Refl: 11 | Proxy: 0
Dependency: netty-resolver:4.1.77.Final | Refl: 7 | Proxy: 0
Dependency: netty-codec-dns:4.1.77.Final | Refl: 15 | Proxy: 0
Dependency: netty-resolver-dns-classes-macos:4.1.77.Final | Refl: 12 | Proxy: 0
Dependency: netty-transport-native-epoll:4.1.77.Final | Refl: 13 | Proxy: 0
Dependency: netty-transport-native-unix-common:4.1.77.Final | Refl: 26 | Proxy: 0
Dependency: netty-transport-classes-epoll:4.1.77.Final | Refl: 27 | Proxy: 0
Dependency: netty-handler-proxy:4.1.77.Final | Refl: 25 | Proxy: 0
Dependency: netty-codec-socks:4.1.77.Final | Refl: 9 | Proxy: 0
Dependency: spring-webflux:5.3.20 | Refl: 83 | Proxy: 0
Dependency: reactor-core:3.4.18 | Refl: 3 | Proxy: 0
Dependency: spring-context:5.3.20 | Refl: 154 | Proxy: 0
Dependency: spring-aop:5.3.20 | Refl: 29 | Proxy: 0
Dependency: spring-expression:5.3.20 | Refl: 47 | Proxy: 0
Dependency: logback-classic:1.2.11 | Refl: 42 | Proxy: 0
Dependency: logback-core:1.2.11 | Refl: 14 | Proxy: 0
Dependency: snakeyaml:1.30 | Refl: 8 | Proxy: 0
Dependency: slf4j-api:1.7.36 | Refl: 2 | Proxy: 0
Dependency: spring-jcl:5.3.20 | Refl: 2 | Proxy: 0

============================================================
PROJECT: piggymetrics | DATE: 2026-05-22 17:17:24
SUMMARY: 247 deps | CMV: 2792
------------------------------------------------------------
Dependency: spring-cloud-context:2.0.0.RELEASE | Refl: 14 | Proxy: 0
Dependency: jackson-annotations:2.9.0 | Refl: 2 | Proxy: 0
Dependency: jackson-databind:2.9.6 | Refl: 56 | Proxy: 0
Dependency: spring-boot-actuator-autoconfigure:2.0.3.RELEASE | Refl: 7 | Proxy: 0
Dependency: jackson-datatype-jsr310:2.9.6 | Refl: 4 | Proxy: 0
Dependency: HdrHistogram:2.1.10 | Refl: 12 | Proxy: 0
Dependency: LatencyUtils:2.0.3 | Refl: 3 | Proxy: 0
Dependency: jackson-datatype-jdk8:2.9.6 | Refl: 2 | Proxy: 0
Dependency: tomcat-embed-core:8.5.31 | Refl: 202 | Proxy: 0
Dependency: tomcat-embed-el:8.5.31 | Refl: 25 | Proxy: 0
Dependency: hibernate-validator:6.0.10.Final | Refl: 356 | Proxy: 0
Dependency: validation-api:2.0.1.Final | Refl: 2 | Proxy: 0
Dependency: jboss-logging:3.3.2.Final | Refl: 12 | Proxy: 0
Dependency: classmate:1.3.4 | Refl: 2 | Proxy: 0
Dependency: spring-security-crypto:5.0.6.RELEASE | Refl: 21 | Proxy: 0
Dependency: bcpkix-jdk15on:1.56 | Refl: 90 | Proxy: 0
Dependency: org.eclipse.jgit:4.11.0.201803080745-r | Refl: 16 | Proxy: 0
Dependency: httpclient:4.5.5 | Refl: 2 | Proxy: 0
Dependency: slf4j-api:1.7.25 | Refl: 2 | Proxy: 0
Dependency: httpcore:4.4.9 | Refl: 3 | Proxy: 0
Dependency: snakeyaml:1.19 | Refl: 8 | Proxy: 0
Dependency: logback-classic:1.2.3 | Refl: 112 | Proxy: 0
Dependency: logback-core:1.2.3 | Refl: 14 | Proxy: 0
Dependency: spring-jcl:5.0.7.RELEASE | Refl: 2 | Proxy: 0
Dependency: spring-aop:5.0.7.RELEASE | Refl: 31 | Proxy: 0
Dependency: spring-context:5.0.7.RELEASE | Refl: 154 | Proxy: 0
Dependency: spring-expression:5.0.7.RELEASE | Refl: 48 | Proxy: 0
Dependency: freemarker:2.3.28 | Refl: 4 | Proxy: 0
Dependency: aspectjweaver:1.8.13 | Refl: 71 | Proxy: 0
Dependency: HdrHistogram:2.1.9 | Refl: 12 | Proxy: 0
Dependency: guava:16.0 | Refl: 71 | Proxy: 0
Dependency: commons-configuration:1.8 | Refl: 24 | Proxy: 0
Dependency: commons-lang:2.6 | Refl: 9 | Proxy: 0
Dependency: asm:5.0.4 | Refl: 4 | Proxy: 0
Dependency: objenesis:2.6 | Refl: 1 | Proxy: 0
Dependency: jettison:1.3.7 | Refl: 2 | Proxy: 0
Dependency: joda-time:2.9.9 | Refl: 3 | Proxy: 0
Dependency: antlr-runtime:3.4 | Refl: 1 | Proxy: 0
Dependency: antlr:2.7.7 | Refl: 15 | Proxy: 0
Dependency: gson:2.8.5 | Refl: 2 | Proxy: 0
Dependency: commons-math:2.2 | Refl: 10 | Proxy: 0
Dependency: jersey-servlet:1.19.1 | Refl: 59 | Proxy: 0
Dependency: netty-codec:4.1.25.Final | Refl: 11 | Proxy: 0
Dependency: netty-transport-native-epoll:4.1.25.Final | Refl: 13 | Proxy: 0
Dependency: netty-common:4.1.25.Final | Refl: 750 | Proxy: 0
Dependency: netty-transport-native-unix-common:4.1.25.Final | Refl: 26 | Proxy: 0
Dependency: netty-transport:4.1.25.Final | Refl: 3 | Proxy: 0
Dependency: netty-resolver:4.1.25.Final | Refl: 7 | Proxy: 0
Dependency: commons-lang3:3.7 | Refl: 28 | Proxy: 0
Dependency: guava:15.0 | Refl: 71 | Proxy: 0
Dependency: commons-io:2.4 | Refl: 4 | Proxy: 0
Dependency: aspectjrt:1.8.13 | Refl: 21 | Proxy: 0
Dependency: zipkin-reporter:2.7.3 | Refl: 2 | Proxy: 0
Dependency: bson:3.6.4 | Refl: 3 | Proxy: 0
Dependency: mongodb-driver-core:3.6.4 | Refl: 3 | Proxy: 0
Dependency: spring-tx:5.0.7.RELEASE | Refl: 6 | Proxy: 0
Dependency: jackson-mapper-asl:1.9.13 | Refl: 6 | Proxy: 0
Dependency: spring-cloud-stream-binder-rabbit:2.0.0.RELEASE | Refl: 1 | Proxy: 0
Dependency: spring-cloud-stream-binder-rabbit-core:2.0.0.RELEASE | Refl: 10 | Proxy: 0
Dependency: spring-rabbit:2.0.4.RELEASE | Refl: 53 | Proxy: 0
Dependency: spring-amqp:2.0.4.RELEASE | Refl: 5 | Proxy: 0
Dependency: amqp-client:5.1.2 | Refl: 21 | Proxy: 0
Dependency: reactor-core:3.1.8.RELEASE | Refl: 3 | Proxy: 0
Dependency: spring-cloud-stream:2.0.0.RELEASE | Refl: 42 | Proxy: 0
Dependency: spring-integration-jmx:5.0.6.RELEASE | Refl: 8 | Proxy: 0
Dependency: guava:19.0 | Refl: 71 | Proxy: 0
Dependency: activation:1.1 | Refl: 1 | Proxy: 0
Dependency: netty-handler-proxy:4.1.25.Final | Refl: 25 | Proxy: 0
Dependency: netty-codec-socks:4.1.25.Final | Refl: 6 | Proxy: 0
Dependency: netty-transport-native-epoll:4.1.25.Final | Refl: 13 | Proxy: 0
Dependency: spring-webflux:5.0.7.RELEASE | Refl: 83 | Proxy: 0
Dependency: jackson-mapper-asl:1.9.2 | Refl: 6 | Proxy: 0

============================================================
PROJECT: SpringBootForBeginners | DATE: 2026-05-22 17:17:42
SUMMARY: 63 deps | CMV: 1204
------------------------------------------------------------
Dependency: logback-classic:1.1.7 | Refl: 112 | Proxy: 0
Dependency: logback-core:1.1.7 | Refl: 14 | Proxy: 0
Dependency: snakeyaml:1.17 | Refl: 8 | Proxy: 0
Dependency: tomcat-embed-core:8.5.4 | Refl: 202 | Proxy: 0
Dependency: tomcat-embed-el:8.5.4 | Refl: 25 | Proxy: 0
Dependency: validation-api:1.1.0.Final | Refl: 2 | Proxy: 0
Dependency: jboss-logging:3.3.0.Final | Refl: 12 | Proxy: 0
Dependency: classmate:1.3.1 | Refl: 2 | Proxy: 0
Dependency: jackson-databind:2.8.1 | Refl: 56 | Proxy: 0
Dependency: spring-aop:4.3.2.RELEASE | Refl: 31 | Proxy: 0
Dependency: spring-context:4.3.2.RELEASE | Refl: 154 | Proxy: 0
Dependency: spring-expression:4.3.2.RELEASE | Refl: 48 | Proxy: 0
Dependency: aspectjweaver:1.8.9 | Refl: 71 | Proxy: 0
Dependency: tomcat-jdbc:8.5.4 | Refl: 5 | Proxy: 0
Dependency: hibernate-core:5.0.9.Final | Refl: 350 | Proxy: 0
Dependency: antlr:2.7.7 | Refl: 15 | Proxy: 0
Dependency: jandex:2.0.0.Final | Refl: 1 | Proxy: 0
Dependency: dom4j:1.6.1 | Refl: 38 | Proxy: 0
Dependency: hibernate-commons-annotations:5.0.1.Final | Refl: 3 | Proxy: 0
Dependency: spring-tx:4.3.2.RELEASE | Refl: 6 | Proxy: 0
Dependency: spring-aspects:4.3.2.RELEASE | Refl: 24 | Proxy: 0
Dependency: jackson-annotations:2.8.1 | Refl: 2 | Proxy: 0
Dependency: h2:1.4.192 | Refl: 20 | Proxy: 0
Dependency: slf4j-api:1.7.21 | Refl: 2 | Proxy: 0
Dependency: jcl-over-slf4j:1.7.21 | Refl: 1 | Proxy: 0

============================================================
PROJECT: spring-cloud-gateway | DATE: 2026-05-22 17:18:51
SUMMARY: 217 deps | CMV: 2648
------------------------------------------------------------
Dependency: logback-classic:1.5.32 | Refl: 112 | Proxy: 0
Dependency: logback-core:1.5.32 | Refl: 14 | Proxy: 0
Dependency: snakeyaml:2.5 | Refl: 8 | Proxy: 0
Dependency: jackson-annotations:2.21 | Refl: 2 | Proxy: 0
Dependency: jackson-core:3.1.3 | Refl: 1 | Proxy: 0
Dependency: netty-transport:4.2.13.Final | Refl: 3 | Proxy: 0
Dependency: netty-transport-native-unix-common:4.2.13.Final | Refl: 26 | Proxy: 0
Dependency: netty-resolver:4.2.13.Final | Refl: 7 | Proxy: 0
Dependency: netty-codec-dns:4.2.13.Final | Refl: 15 | Proxy: 0
Dependency: netty-resolver-dns-classes-macos:4.2.13.Final | Refl: 12 | Proxy: 0
Dependency: netty-transport-native-epoll:4.2.13.Final | Refl: 13 | Proxy: 0
Dependency: netty-transport-classes-epoll:4.2.13.Final | Refl: 27 | Proxy: 0
Dependency: netty-handler-proxy:4.2.13.Final | Refl: 25 | Proxy: 0
Dependency: netty-codec-socks:4.2.13.Final | Refl: 6 | Proxy: 0
Dependency: spring-boot-netty:4.0.7-SNAPSHOT | Refl: 11 | Proxy: 0
Dependency: netty-common:4.2.13.Final | Refl: 750 | Proxy: 0
Dependency: spring-boot-reactor:4.0.7-SNAPSHOT | Refl: 22 | Proxy: 0
Dependency: reactor-core:3.8.5 | Refl: 3 | Proxy: 0
Dependency: spring-boot-webflux:4.0.7-SNAPSHOT | Refl: 13 | Proxy: 0
Dependency: spring-webflux:7.0.7 | Refl: 83 | Proxy: 0
Dependency: spring-boot-web-server:4.0.7-SNAPSHOT | Refl: 1 | Proxy: 0
Dependency: slf4j-api:2.0.17 | Refl: 2 | Proxy: 0
Dependency: jakarta.xml.bind-api:4.0.5 | Refl: 4 | Proxy: 0
Dependency: json-smart:2.6.0 | Refl: 9 | Proxy: 0
Dependency: asm:9.7.1 | Refl: 4 | Proxy: 0
Dependency: commons-logging:1.3.6 | Refl: 7 | Proxy: 0
Dependency: spring-test:7.0.7 | Refl: 12 | Proxy: 0
Dependency: spring-context:7.0.7 | Refl: 154 | Proxy: 0
Dependency: spring-aop:7.0.7 | Refl: 31 | Proxy: 0
Dependency: spring-expression:7.0.7 | Refl: 48 | Proxy: 0
Dependency: spring-boot-actuator-autoconfigure:4.0.7-SNAPSHOT | Refl: 7 | Proxy: 0
Dependency: HdrHistogram:2.2.2 | Refl: 12 | Proxy: 0
Dependency: LatencyUtils:2.0.3 | Refl: 3 | Proxy: 0
Dependency: spring-boot-configuration-processor:4.0.7-SNAPSHOT | Refl: 12 | Proxy: 0
Dependency: tomcat-embed-core:11.0.22 | Refl: 202 | Proxy: 0
Dependency: tomcat-embed-el:11.0.22 | Refl: 25 | Proxy: 0
Dependency: spring-boot-validation:4.0.7-SNAPSHOT | Refl: 10 | Proxy: 0
Dependency: hibernate-validator:9.0.1.Final | Refl: 356 | Proxy: 0
Dependency: jboss-logging:3.6.3.Final | Refl: 12 | Proxy: 0
Dependency: classmate:1.7.3 | Refl: 2 | Proxy: 0
Dependency: spring-security-crypto:7.0.5 | Refl: 21 | Proxy: 0
Dependency: spring-cloud-context:5.0.2-SNAPSHOT | Refl: 14 | Proxy: 0
Dependency: spring-cloud-function-context:5.0.3-SNAPSHOT | Refl: 32 | Proxy: 0
Dependency: joda-time:2.12.7 | Refl: 3 | Proxy: 0
Dependency: spring-cloud-stream:5.0.2-SNAPSHOT | Refl: 42 | Proxy: 0
Dependency: spring-tx:7.0.7 | Refl: 6 | Proxy: 0
Dependency: spring-integration-jmx:7.0.4 | Refl: 8 | Proxy: 0
Dependency: lettuce-core:6.8.2.RELEASE | Refl: 97 | Proxy: 0
Dependency: kotlin-stdlib:2.2.21 | Refl: 1 | Proxy: 0
Dependency: kotlin-reflect:2.2.21 | Refl: 10 | Proxy: 0
Dependency: grpc-netty:1.77.0 | Refl: 2 | Proxy: 0
Dependency: grpc-core:1.77.0 | Refl: 1 | Proxy: 0
Dependency: grpc-context:1.77.0 | Refl: 1 | Proxy: 0
Dependency: guava:33.4.8-android | Refl: 71 | Proxy: 0
Dependency: grpc-protobuf:1.77.0 | Refl: 4 | Proxy: 0
Dependency: protobuf-java:3.25.8 | Refl: 15 | Proxy: 0
Dependency: proto-google-common-protos:2.59.2 | Refl: 14 | Proxy: 0
Dependency: protobuf-java-util:4.33.5 | Refl: 114 | Proxy: 0
Dependency: gson:2.13.2 | Refl: 2 | Proxy: 0
Dependency: jackson-databind:2.21.3 | Refl: 56 | Proxy: 0
Dependency: resilience4j-spring6:2.3.0 | Refl: 2 | Proxy: 0
Dependency: resilience4j-circularbuffer:2.3.0 | Refl: 1 | Proxy: 0
Dependency: resilience4j-core:2.3.0 | Refl: 1 | Proxy: 0
Dependency: caffeine:3.2.4 | Refl: 60 | Proxy: 0
Dependency: asm:9.9.1 | Refl: 4 | Proxy: 0

============================================================
PROJECT: jnativehook | DATE: 2026-05-22 17:18:51
SUMMARY: 0 deps | CMV: 0
------------------------------------------------------------
No reachability metadata found for this topology.

============================================================
PROJECT: hawtjni | DATE: 2026-05-22 17:19:07
SUMMARY: 46 deps | CMV: 291
------------------------------------------------------------
Dependency: slf4j-api:1.5.11 | Refl: 2 | Proxy: 0
Dependency: asm:8.0.1 | Refl: 4 | Proxy: 0
Dependency: commons-cli:1.0 | Refl: 1 | Proxy: 0
Dependency: commons-logging:1.0 | Refl: 7 | Proxy: 0
Dependency: commons-lang:1.0 | Refl: 8 | Proxy: 0
Dependency: junit:3.7 | Refl: 1 | Proxy: 0
Dependency: maven-plugin-api:3.6.3 | Refl: 2 | Proxy: 0
Dependency: maven-model:3.6.3 | Refl: 1 | Proxy: 0
Dependency: org.eclipse.sisu.inject:0.3.4 | Refl: 61 | Proxy: 0
Dependency: plexus-classworlds:2.6.0 | Refl: 3 | Proxy: 0
Dependency: maven-project:2.0.11 | Refl: 11 | Proxy: 0
Dependency: maven-profile:2.0.11 | Refl: 2 | Proxy: 0
Dependency: plexus-container-default:1.0-alpha-9-stable-1 | Refl: 118 | Proxy: 0
Dependency: junit:3.8.1 | Refl: 1 | Proxy: 0
Dependency: plexus-utils:3.3.0 | Refl: 28 | Proxy: 0
Dependency: maven-artifact-manager:2.0.11 | Refl: 2 | Proxy: 0
Dependency: wagon-provider-api:1.0-beta-2 | Refl: 3 | Proxy: 0
Dependency: maven-artifact:2.0.11 | Refl: 14 | Proxy: 0
Dependency: plexus-archiver:4.2.2 | Refl: 2 | Proxy: 0
Dependency: commons-compress:1.20 | Refl: 14 | Proxy: 0
Dependency: snappy:0.4 | Refl: 1 | Proxy: 0
Dependency: plexus-io:3.2.0 | Refl: 1 | Proxy: 0
Dependency: commons-io:2.6 | Refl: 4 | Proxy: 0

============================================================
PROJECT: TheAlgorithms_java | DATE: 2026-05-22 17:19:08
SUMMARY: 2 deps | CMV: 127
------------------------------------------------------------
Dependency: commons-lang3:3.20.0 | Refl: 28 | Proxy: 0
Dependency: commons-collections4:4.5.0 | Refl: 99 | Proxy: 0

============================================================
PROJECT: kubernetes-client_java | DATE: 2026-05-22 17:19:54
SUMMARY: 128 deps | CMV: 1635
------------------------------------------------------------
Dependency: kotlin-stdlib:2.2.21 | Refl: 1 | Proxy: 0
Dependency: okio-jvm:3.16.4 | Refl: 1 | Proxy: 0
Dependency: gson:2.14.0 | Refl: 2 | Proxy: 0
Dependency: jackson-databind:2.21.3 | Refl: 56 | Proxy: 0
Dependency: jackson-annotations:2.21 | Refl: 2 | Proxy: 0
Dependency: commons-lang3:3.20.0 | Refl: 28 | Proxy: 0
Dependency: protobuf-java:4.34.1 | Refl: 15 | Proxy: 0
Dependency: snakeyaml:2.6 | Refl: 8 | Proxy: 0
Dependency: commons-compress:1.28.0 | Refl: 14 | Proxy: 0
Dependency: commons-io:2.22.0 | Refl: 4 | Proxy: 0
Dependency: slf4j-api:2.0.18 | Refl: 2 | Proxy: 0
Dependency: bcpkix-jdk18on:1.84 | Refl: 97 | Proxy: 0
Dependency: commons-collections4:4.5.0 | Refl: 99 | Proxy: 0
Dependency: google-auth-library-oauth2-http:1.47.0 | Refl: 59 | Proxy: 0
Dependency: guava:33.5.0-jre | Refl: 71 | Proxy: 0
Dependency: google-http-client:2.1.0 | Refl: 4 | Proxy: 0
Dependency: httpclient:4.5.14 | Refl: 1 | Proxy: 0
Dependency: httpcore:4.4.16 | Refl: 3 | Proxy: 0
Dependency: grpc-context:1.70.0 | Refl: 1 | Proxy: 0
Dependency: checksums:2.44.8 | Refl: 9 | Proxy: 0
Dependency: sdk-core:2.44.8 | Refl: 6 | Proxy: 0
Dependency: auth:2.44.8 | Refl: 22 | Proxy: 0
Dependency: utils:2.44.8 | Refl: 1 | Proxy: 0
Dependency: apache-client:2.44.8 | Refl: 1 | Proxy: 0
Dependency: netty-codec:4.1.133.Final | Refl: 11 | Proxy: 0
Dependency: netty-transport:4.1.133.Final | Refl: 3 | Proxy: 0
Dependency: netty-common:4.1.133.Final | Refl: 750 | Proxy: 0
Dependency: netty-transport-native-unix-common:4.1.133.Final | Refl: 26 | Proxy: 0
Dependency: netty-transport-classes-epoll:4.1.133.Final | Refl: 27 | Proxy: 0
Dependency: netty-resolver:4.1.133.Final | Refl: 7 | Proxy: 0
Dependency: caffeine:3.0.0 | Refl: 60 | Proxy: 0
Dependency: spring-context:6.2.8 | Refl: 154 | Proxy: 0
Dependency: spring-aop:6.2.8 | Refl: 31 | Proxy: 0
Dependency: spring-expression:6.2.8 | Refl: 48 | Proxy: 0
Dependency: spring-jcl:6.2.8 | Refl: 2 | Proxy: 0
Dependency: commons-cli:1.11.0 | Refl: 1 | Proxy: 0
Dependency: httpclient:4.5.13 | Refl: 1 | Proxy: 0
Dependency: commons-logging:1.2 | Refl: 7 | Proxy: 0

============================================================
PROJECT: json-iterator_java | DATE: 2026-05-22 17:19:56
SUMMARY: 5 deps | CMV: 60
------------------------------------------------------------
Dependency: jackson-annotations:2.9.5 | Refl: 2 | Proxy: 0
Dependency: jackson-databind:2.9.5 | Refl: 56 | Proxy: 0
Dependency: gson:2.8.3 | Refl: 2 | Proxy: 0

============================================================
PROJECT: resolver | DATE: 2026-05-22 17:20:08
SUMMARY: 40 deps | CMV: 255
------------------------------------------------------------
Dependency: aether-util:1.13.1 | Refl: 1 | Proxy: 0
Dependency: maven-plugin-api:3.0.4 | Refl: 2 | Proxy: 0
Dependency: plexus-utils:2.0.6 | Refl: 27 | Proxy: 0
Dependency: maven-model:3.0.4 | Refl: 1 | Proxy: 0
Dependency: maven-artifact:3.0.4 | Refl: 14 | Proxy: 0
Dependency: wagon-provider-api:2.2 | Refl: 3 | Proxy: 0
Dependency: plexus-cipher:1.7 | Refl: 2 | Proxy: 0
Dependency: plexus-container-default:1.5.5 | Refl: 118 | Proxy: 0
Dependency: xbean-reflect:3.4 | Refl: 11 | Proxy: 0
Dependency: plexus-classworlds:2.4 | Refl: 3 | Proxy: 0
Dependency: guava:24.1-jre | Refl: 71 | Proxy: 0
Dependency: slf4j-api:1.7.25 | Refl: 2 | Proxy: 0

============================================================
PROJECT: Maven-Web-Application | DATE: 2026-05-22 17:20:11
SUMMARY: 10 deps | CMV: 247
------------------------------------------------------------
Dependency: json:20160212 | Refl: 11 | Proxy: 0
Dependency: javax.servlet-api:3.1.0 | Refl: 1 | Proxy: 0
Dependency: spring-jcl:5.1.2.RELEASE | Refl: 2 | Proxy: 0
Dependency: spring-aop:5.1.2.RELEASE | Refl: 31 | Proxy: 0
Dependency: spring-expression:5.1.2.RELEASE | Refl: 48 | Proxy: 0
Dependency: spring-context:5.1.2.RELEASE | Refl: 154 | Proxy: 0

============================================================
PROJECT: resolver | DATE: 2026-05-23 09:38:08
SUMMARY: 40 deps | CMV: 255
------------------------------------------------------------
Dependency: aether-util:1.13.1 | Refl: 1 | Proxy: 0
Dependency: maven-plugin-api:3.0.4 | Refl: 2 | Proxy: 0
Dependency: plexus-utils:2.0.6 | Refl: 27 | Proxy: 0
Dependency: maven-model:3.0.4 | Refl: 1 | Proxy: 0
Dependency: maven-artifact:3.0.4 | Refl: 14 | Proxy: 0
Dependency: wagon-provider-api:2.2 | Refl: 3 | Proxy: 0
Dependency: plexus-cipher:1.7 | Refl: 2 | Proxy: 0
Dependency: plexus-container-default:1.5.5 | Refl: 118 | Proxy: 0
Dependency: xbean-reflect:3.4 | Refl: 11 | Proxy: 0
Dependency: plexus-classworlds:2.4 | Refl: 3 | Proxy: 0
Dependency: guava:24.1-jre | Refl: 71 | Proxy: 0
Dependency: slf4j-api:1.7.25 | Refl: 2 | Proxy: 0
